name;datetime_usa1;datetime_usa2;datetime_eu;internal_ip
Ashley Bradshaw;21/12/2019 03:11:35;December 21, 2019 03:11AM;2019-10-13 12:25:04;10.234.114.114
Ryan Jimenez;02/05/2019 19:26:00;May 02, 2019 07:26PM;2020-04-25 18:21:30;10.121.236.103
Juan Taylor;21/09/2019 02:50:03;September 21, 2019 02:50AM;2019-07-13 08:17:39;192.168.241.110
Tanya Merritt;03/01/2019 07:34:47;January 03, 2019 07:34AM;2019-08-14 14:05:43;10.42.131.205
Daniel Shelton;12/12/2019 21:16:44;December 12, 2019 09:16PM;2020-06-28 03:06:00;172.22.243.247
Phyllis Yang;08/09/2019 12:39:07;September 08, 2019 12:39PM;2019-12-29 21:55:58;10.120.188.48
Jose Glass;23/03/2019 10:43:03;March 23, 2019 10:43AM;2019-08-12 13:23:32;172.18.238.175
Judith Jones;22/12/2019 04:47:59;December 22, 2019 04:47AM;2020-01-22 16:11:30;10.228.198.192
Karen Brooks;02/08/2019 13:06:26;August 02, 2019 01:06PM;2020-10-15 17:10:47;10.196.23.62
William Rodriguez;12/04/2019 12:30:43;April 12, 2019 12:30PM;2020-09-13 14:24:12;192.168.128.123
Emily Floyd;26/05/2020 07:03:00;May 26, 2020 07:03AM;2019-03-17 10:07:41;172.17.63.142
Andrew Smith;24/05/2019 20:32:01;May 24, 2019 08:32PM;2019-02-20 12:21:51;172.26.130.221
Justin Navarro;15/11/2019 09:29:34;November 15, 2019 09:29AM;2019-12-30 15:04:33;10.254.247.116
Robert Mann;30/07/2019 11:21:15;July 30, 2019 11:21AM;2020-12-09 20:55:12;10.49.198.15
Shaun Wagner;20/03/2020 18:48:04;March 20, 2020 06:48PM;2020-08-21 12:08:27;172.25.206.70
David Petersen;06/09/2020 11:24:56;September 06, 2020 11:24AM;2019-12-07 21:05:21;172.24.190.70
Mary Jarvis;02/05/2019 07:54:27;May 02, 2019 07:54AM;2019-09-30 22:40:18;10.220.153.30
Jose Wright;05/07/2020 17:25:40;July 05, 2020 05:25PM;2020-08-20 11:58:28;10.144.204.156
Robin Lewis;18/12/2018 04:22:07;December 18, 2018 04:22AM;2019-02-10 01:59:11;10.191.108.216
Emily Simon;23/04/2019 07:19:42;April 23, 2019 07:19AM;2020-02-20 12:02:31;172.26.114.195
Dustin Smith;24/11/2019 19:36:03;November 24, 2019 07:36PM;2019-06-21 14:42:36;172.18.207.172
Michael Andrade;11/08/2019 17:08:43;August 11, 2019 05:08PM;2019-03-17 00:16:49;192.168.75.140
Karen Carroll;09/02/2019 07:07:53;February 09, 2019 07:07AM;2020-08-08 23:53:37;172.30.92.56
Maria Mercado;30/06/2020 05:30:10;June 30, 2020 05:30AM;2019-05-20 00:06:00;172.31.13.14
Taylor Hammond;13/01/2020 11:12:53;January 13, 2020 11:12AM;2020-09-06 22:32:36;172.30.150.78
Cheryl Jacobs;10/04/2019 03:42:41;April 10, 2019 03:42AM;2020-03-27 06:18:49;10.105.148.22
Morgan Clark;14/11/2019 07:16:59;November 14, 2019 07:16AM;2019-01-12 15:16:55;10.223.113.55
Jeremy Young;01/07/2020 12:21:23;July 01, 2020 12:21PM;2020-05-18 10:24:53;192.168.101.108
Stanley Miller;22/08/2019 10:03:57;August 22, 2019 10:03AM;2020-04-29 14:56:10;192.168.57.47
Mitchell Osborne;25/09/2020 09:00:20;September 25, 2020 09:00AM;2019-05-30 13:13:20;172.29.207.3
Aaron Wolf;09/01/2019 12:27:46;January 09, 2019 12:27PM;2019-12-26 08:36:37;192.168.51.46
Mr. Paul Little DDS;12/09/2019 23:38:49;September 12, 2019 11:38PM;2020-08-10 12:51:50;192.168.197.68
Sharon Williams;02/03/2020 04:39:18;March 02, 2020 04:39AM;2019-01-13 06:16:30;192.168.91.102
Megan Diaz;29/11/2019 00:32:29;November 29, 2019 12:32AM;2019-01-21 00:08:43;172.23.223.111
Tracy Mitchell;21/11/2019 18:20:58;November 21, 2019 06:20PM;2020-09-10 21:46:29;10.26.43.30
Melissa Park;13/09/2020 11:37:36;September 13, 2020 11:37AM;2020-10-19 22:27:35;172.31.59.162
Jacob Williams;06/06/2020 22:48:25;June 06, 2020 10:48PM;2019-10-21 11:41:49;172.27.92.86
Michelle Diaz;01/02/2020 15:00:10;February 01, 2020 03:00PM;2019-08-09 21:22:22;192.168.36.121
Melissa Johnson;02/06/2019 08:56:09;June 02, 2019 08:56AM;2019-01-17 10:04:14;10.100.246.192
Wyatt Campbell;30/12/2019 07:51:28;December 30, 2019 07:51AM;2020-11-28 02:09:01;172.31.197.110
Karl Martin;03/04/2020 23:12:02;April 03, 2020 11:12PM;2020-03-25 05:58:01;192.168.224.61
David Russo;08/01/2019 06:04:42;January 08, 2019 06:04AM;2019-09-11 08:25:05;10.71.100.37
Patricia Hernandez;11/05/2019 18:11:44;May 11, 2019 06:11PM;2019-07-07 18:24:46;10.90.238.155
Maria Cook;29/11/2019 06:59:57;November 29, 2019 06:59AM;2020-10-08 20:35:13;192.168.168.110
Susan Blevins;12/07/2019 16:54:29;July 12, 2019 04:54PM;2019-11-28 09:05:36;172.26.151.35
Matthew Wells;19/11/2019 12:35:55;November 19, 2019 12:35PM;2020-09-13 00:26:15;192.168.86.85
Sandra Allison;26/08/2019 23:56:42;August 26, 2019 11:56PM;2020-10-15 17:51:34;192.168.147.43
Blake Martin;06/04/2019 00:04:13;April 06, 2019 12:04AM;2020-01-07 12:58:39;10.214.229.23
Mrs. Tanya Duncan;01/03/2020 13:05:40;March 01, 2020 01:05PM;2019-10-25 11:41:53;192.168.216.40
Kristen Hernandez;17/09/2020 06:23:46;September 17, 2020 06:23AM;2020-01-13 10:36:08;192.168.35.219
Robert Walker;27/10/2019 10:01:41;October 27, 2019 10:01AM;2020-05-02 10:31:33;10.217.14.209
Stacy James;06/08/2020 06:11:30;August 06, 2020 06:11AM;2020-08-06 11:28:44;192.168.73.106
David Jones;05/05/2019 08:39:05;May 05, 2019 08:39AM;2020-05-01 20:22:19;172.18.249.231
Brett Marquez;07/03/2020 08:19:27;March 07, 2020 08:19AM;2020-06-08 22:55:59;10.156.165.39
James Sharp;03/09/2019 14:39:12;September 03, 2019 02:39PM;2019-06-18 18:59:47;192.168.86.93
Douglas Rodriguez;28/08/2019 16:10:34;August 28, 2019 04:10PM;2019-02-24 02:07:21;10.96.89.225
Jonathan Pittman;02/06/2020 01:37:03;June 02, 2020 01:37AM;2020-04-25 12:03:01;172.17.165.112
Michael Jones;12/08/2019 17:44:12;August 12, 2019 05:44PM;2019-09-22 17:42:24;172.17.133.102
David Green;19/12/2018 19:17:31;December 19, 2018 07:17PM;2019-12-07 22:11:16;10.65.245.227
Randall Hess;21/05/2019 16:45:24;May 21, 2019 04:45PM;2019-03-18 18:23:29;192.168.139.125
David Schneider;31/01/2020 16:48:22;January 31, 2020 04:48PM;2019-08-21 07:17:27;172.30.126.26
Julie Pierce;15/12/2018 23:04:04;December 15, 2018 11:04PM;2019-10-27 06:09:18;192.168.184.144
Fernando Ritter;21/02/2019 09:04:44;February 21, 2019 09:04AM;2019-03-18 08:08:36;172.19.129.21
Sharon Charles;04/09/2020 22:57:41;September 04, 2020 10:57PM;2020-02-14 12:53:22;172.17.35.123
Jeremy Roberts;06/02/2020 23:38:26;February 06, 2020 11:38PM;2018-12-20 09:56:57;10.225.239.87
Kimberly Klein;27/06/2019 03:29:39;June 27, 2019 03:29AM;2018-12-28 07:43:33;10.83.112.137
Danielle Flores;11/06/2020 14:33:33;June 11, 2020 02:33PM;2020-05-19 17:24:48;192.168.197.250
Patricia Terrell;23/01/2020 20:08:33;January 23, 2020 08:08PM;2019-04-24 11:15:16;10.3.122.210
Kelly Brown;19/09/2020 10:31:52;September 19, 2020 10:31AM;2020-06-25 09:22:01;192.168.84.97
Christopher Rodriguez;01/07/2020 07:15:28;July 01, 2020 07:15AM;2019-11-22 09:57:15;192.168.187.56
Jessica Moore;06/06/2020 07:24:16;June 06, 2020 07:24AM;2019-09-14 13:56:13;10.89.161.207
Brandy Young;25/09/2020 23:51:16;September 25, 2020 11:51PM;2019-01-07 23:57:25;192.168.11.208
Jacob Day;21/02/2019 06:45:10;February 21, 2019 06:45AM;2020-06-21 19:25:53;172.30.149.2
Timothy Luna;10/02/2020 15:13:21;February 10, 2020 03:13PM;2020-11-14 00:31:26;10.69.139.201
Kenneth Williams;26/11/2019 06:43:51;November 26, 2019 06:43AM;2019-08-18 21:39:15;192.168.224.163
Megan Ray;19/08/2019 06:05:32;August 19, 2019 06:05AM;2019-05-13 13:33:22;192.168.30.219
Emily Martin;03/06/2020 07:51:49;June 03, 2020 07:51AM;2019-03-12 09:01:51;10.99.151.166
Sarah Meyer;03/04/2020 20:44:40;April 03, 2020 08:44PM;2020-05-28 18:36:15;192.168.245.59
Michael Hess;13/05/2020 07:44:53;May 13, 2020 07:44AM;2019-07-15 00:03:39;192.168.137.5
Jacob Dalton;04/09/2019 05:12:04;September 04, 2019 05:12AM;2019-06-08 09:45:55;10.210.228.165
Kathleen Gibson;16/10/2020 06:04:15;October 16, 2020 06:04AM;2019-04-23 15:42:12;172.30.157.153
Lori Ross;26/08/2020 08:33:39;August 26, 2020 08:33AM;2020-10-21 01:41:36;10.119.83.187
Caitlin Park;16/08/2020 00:52:40;August 16, 2020 12:52AM;2019-11-22 20:08:33;192.168.187.19
Laura Stephens;20/08/2020 01:52:07;August 20, 2020 01:52AM;2018-12-30 21:59:38;192.168.25.192
Brent Lee;06/02/2019 14:04:49;February 06, 2019 02:04PM;2019-05-15 07:46:29;192.168.163.45
Christian Simpson;20/01/2019 07:21:28;January 20, 2019 07:21AM;2020-10-10 13:34:52;172.27.158.230
Mr. Christopher Henderson;26/01/2019 13:51:22;January 26, 2019 01:51PM;2020-05-13 04:51:58;172.26.97.176
Samantha Anderson;26/06/2019 21:16:30;June 26, 2019 09:16PM;2020-11-25 08:07:44;192.168.85.48
Victoria Garrett;26/05/2020 22:37:13;May 26, 2020 10:37PM;2020-02-13 01:17:14;10.159.140.209
Jeffrey Castillo;13/03/2020 01:27:30;March 13, 2020 01:27AM;2020-06-02 21:28:24;10.239.71.246
Mark Howe;04/08/2020 04:30:09;August 04, 2020 04:30AM;2020-02-22 05:30:58;10.22.227.115
Michael Jenkins;23/01/2019 07:45:13;January 23, 2019 07:45AM;2019-06-23 08:45:00;172.18.249.183
Lauren Grant;03/06/2020 13:32:22;June 03, 2020 01:32PM;2019-02-11 10:52:15;10.151.178.157
James Rios;24/12/2018 01:23:04;December 24, 2018 01:23AM;2020-08-28 05:39:48;192.168.11.50
Shannon Dean;25/05/2020 19:18:10;May 25, 2020 07:18PM;2020-03-15 16:50:14;172.18.208.217
Jessica Jenkins;12/06/2019 23:18:28;June 12, 2019 11:18PM;2019-03-15 19:56:16;192.168.213.127
Tammy Howell;08/07/2019 11:55:57;July 08, 2019 11:55AM;2020-07-05 17:18:51;172.28.252.190
Karen Wilson;29/06/2020 01:55:03;June 29, 2020 01:55AM;2019-05-29 09:57:45;192.168.201.81
Elizabeth Gill;25/06/2020 10:10:07;June 25, 2020 10:10AM;2020-04-03 02:16:26;192.168.236.233
Alyssa Smith;25/01/2020 11:03:56;January 25, 2020 11:03AM;2019-06-06 18:05:19;10.179.115.252
Wanda Barrett;17/02/2020 08:38:45;February 17, 2020 08:38AM;2020-05-14 17:18:47;172.25.244.66
Mark Flores;18/06/2020 23:49:02;June 18, 2020 11:49PM;2018-12-14 20:25:44;192.168.226.78
Raymond Gray;04/09/2020 00:36:31;September 04, 2020 12:36AM;2020-12-09 12:18:54;192.168.174.47
Sheryl Parks;28/06/2020 18:23:05;June 28, 2020 06:23PM;2020-01-10 13:06:04;10.161.206.182
Edwin Hunt;01/05/2019 22:26:53;May 01, 2019 10:26PM;2020-09-24 01:42:53;10.146.209.142
Tiffany Rice;24/06/2020 19:33:45;June 24, 2020 07:33PM;2020-03-14 02:33:04;192.168.35.224
Melissa Miller;30/11/2019 17:44:38;November 30, 2019 05:44PM;2020-09-20 14:11:51;192.168.39.6
Mark Schwartz;13/05/2020 10:14:17;May 13, 2020 10:14AM;2020-10-17 22:59:53;192.168.185.29
Michael Wise;08/10/2020 08:59:01;October 08, 2020 08:59AM;2020-07-19 08:56:38;10.244.202.134
Mike Becker;20/02/2019 21:06:40;February 20, 2019 09:06PM;2018-12-24 05:06:12;10.46.68.228
Beverly Taylor;03/10/2019 05:37:19;October 03, 2019 05:37AM;2019-07-25 19:19:26;10.42.223.68
Katherine Williams;15/06/2020 00:38:18;June 15, 2020 12:38AM;2020-05-16 01:07:26;10.107.62.50
Zachary Walker;14/12/2018 09:36:07;December 14, 2018 09:36AM;2020-01-04 12:38:56;172.24.111.130
Jason Ortiz DDS;08/03/2020 19:40:34;March 08, 2020 07:40PM;2020-01-20 13:21:17;172.21.226.202
Taylor Thompson;16/11/2020 10:19:22;November 16, 2020 10:19AM;2020-02-14 02:51:12;192.168.12.253
Laura Wilkins;25/06/2020 06:26:30;June 25, 2020 06:26AM;2020-11-21 12:23:44;192.168.30.191
Mr. Angel Owen;18/04/2020 01:03:22;April 18, 2020 01:03AM;2019-07-08 09:07:40;10.244.176.228
Kathryn Clark;28/02/2019 03:03:08;February 28, 2019 03:03AM;2020-02-04 09:33:44;172.26.167.76
Dwayne Sharp;05/02/2019 12:48:07;February 05, 2019 12:48PM;2020-01-17 18:12:31;10.52.239.11
Anthony Harper;02/02/2019 04:16:15;February 02, 2019 04:16AM;2020-07-14 14:20:40;10.101.182.70
Matthew Webb;06/01/2019 02:47:50;January 06, 2019 02:47AM;2019-04-17 05:27:18;172.30.216.71
Brett Clay;29/07/2020 03:49:13;July 29, 2020 03:49AM;2019-12-09 01:16:21;192.168.22.209
Kelly Farmer;25/06/2019 09:23:41;June 25, 2019 09:23AM;2020-03-04 18:04:28;10.186.2.105
David Hall;26/08/2019 01:55:12;August 26, 2019 01:55AM;2019-04-14 16:40:32;172.17.13.187
William Bentley;12/06/2020 12:59:51;June 12, 2020 12:59PM;2020-11-07 09:13:08;192.168.196.23
Paige Woodard;30/10/2020 20:04:06;October 30, 2020 08:04PM;2019-06-28 02:54:53;10.56.79.83
Audrey Bird;31/12/2019 00:27:11;December 31, 2019 12:27AM;2019-09-17 03:03:55;192.168.183.141
Jason Blair;07/07/2019 17:24:37;July 07, 2019 05:24PM;2019-09-30 06:24:10;172.21.196.131
John Bennett;21/02/2020 04:09:44;February 21, 2020 04:09AM;2020-07-04 22:44:10;172.30.163.252
James Mayer;10/08/2020 10:53:29;August 10, 2020 10:53AM;2019-12-15 01:16:15;10.125.16.245
Sonya Stephens;20/05/2019 22:34:54;May 20, 2019 10:34PM;2019-03-10 05:07:25;192.168.56.198
Danielle Mcdowell;06/08/2020 20:23:52;August 06, 2020 08:23PM;2020-01-09 08:36:56;10.150.57.255
Carrie Stanley;30/01/2019 01:45:48;January 30, 2019 01:45AM;2019-11-17 16:20:09;10.56.162.23
Jennifer Olson;02/06/2019 14:23:34;June 02, 2019 02:23PM;2019-09-12 03:35:12;10.7.193.139
James Baxter;21/02/2020 23:25:58;February 21, 2020 11:25PM;2020-10-21 04:20:43;192.168.5.157
Brian Alvarez;22/12/2019 01:35:36;December 22, 2019 01:35AM;2019-12-02 16:52:02;192.168.242.237
Christopher Lynch;06/04/2019 10:30:26;April 06, 2019 10:30AM;2020-10-31 15:06:01;172.31.171.216
Eduardo Mayer;17/08/2019 12:37:51;August 17, 2019 12:37PM;2020-11-24 03:40:30;192.168.186.191
Peter Hawkins;22/03/2020 05:13:03;March 22, 2020 05:13AM;2019-09-10 21:45:28;172.29.73.218
Claire Martinez;15/03/2020 07:47:49;March 15, 2020 07:47AM;2019-05-23 22:07:04;192.168.101.113
Sheri Greene;10/08/2019 10:37:54;August 10, 2019 10:37AM;2020-04-12 08:25:16;10.195.91.141
Nathan Mitchell;17/02/2019 22:43:47;February 17, 2019 10:43PM;2018-12-26 03:42:02;192.168.26.76
Jill Wilkins;24/01/2019 06:16:18;January 24, 2019 06:16AM;2020-03-07 05:22:20;10.183.33.203
Todd Oconnell;16/04/2019 23:10:31;April 16, 2019 11:10PM;2020-03-11 06:32:45;192.168.104.62
Kaitlyn Walker;18/07/2019 06:52:41;July 18, 2019 06:52AM;2020-03-12 10:25:15;192.168.10.125
Timothy Jones;27/05/2020 01:15:55;May 27, 2020 01:15AM;2020-03-05 10:09:29;10.166.6.129
James Waters;23/03/2019 20:36:40;March 23, 2019 08:36PM;2019-04-05 21:28:38;172.19.72.19
Amber Madden;14/02/2019 05:02:33;February 14, 2019 05:02AM;2020-10-22 02:18:50;172.22.105.45
Alexis Sullivan;28/08/2019 04:41:58;August 28, 2019 04:41AM;2019-09-01 16:04:28;172.20.110.108
Teresa Stephens;15/01/2020 06:10:04;January 15, 2020 06:10AM;2019-05-25 10:24:20;172.28.124.98
David Valencia;02/02/2020 02:31:32;February 02, 2020 02:31AM;2020-05-12 00:07:04;172.27.182.60
Michael Schwartz;09/05/2019 04:57:35;May 09, 2019 04:57AM;2019-03-19 04:34:27;10.77.252.145
Dana Williams;25/11/2019 12:06:53;November 25, 2019 12:06PM;2019-05-03 18:34:28;192.168.153.145
Tiffany Lewis;28/11/2020 00:49:37;November 28, 2020 12:49AM;2020-09-16 17:43:22;10.22.13.133
Michelle Snow;06/11/2020 05:41:18;November 06, 2020 05:41AM;2019-02-04 11:08:36;172.24.182.154
Michael Cantrell;16/07/2019 15:11:44;July 16, 2019 03:11PM;2019-03-17 21:19:11;10.254.112.81
Maria Robinson;26/11/2020 16:50:11;November 26, 2020 04:50PM;2020-10-28 10:05:39;172.31.242.169
Julie Juarez;18/12/2018 07:59:39;December 18, 2018 07:59AM;2020-08-24 00:54:28;10.79.140.133
Dr. Ricky Riggs;09/04/2020 07:58:49;April 09, 2020 07:58AM;2019-12-23 16:13:31;172.29.107.141
Cindy Blackburn;08/06/2020 22:15:02;June 08, 2020 10:15PM;2019-02-09 23:40:33;192.168.146.5
Crystal Jacobson;24/09/2019 08:36:08;September 24, 2019 08:36AM;2020-09-22 17:19:16;172.16.143.24
Daniel Williams;01/09/2020 06:37:01;September 01, 2020 06:37AM;2019-09-22 13:58:47;10.155.245.171
Daniel Andrade;04/07/2019 15:14:45;July 04, 2019 03:14PM;2019-09-28 18:03:53;172.25.145.196
Donna Burnett;12/08/2020 01:50:06;August 12, 2020 01:50AM;2019-03-29 12:16:25;192.168.217.131
Margaret Mercado;19/10/2019 03:14:05;October 19, 2019 03:14AM;2020-01-03 18:41:41;10.173.27.253
Donna Moore;25/02/2020 22:16:00;February 25, 2020 10:16PM;2019-11-04 06:32:54;172.29.105.115
Tyler Gutierrez;23/07/2020 11:59:30;July 23, 2020 11:59AM;2020-05-04 20:11:42;172.28.162.7
Debra Rivera;10/05/2020 05:55:17;May 10, 2020 05:55AM;2019-01-14 12:47:45;172.21.92.241
Randy Collins;05/01/2019 14:29:22;January 05, 2019 02:29PM;2019-05-24 14:06:25;10.196.253.163
Teresa Green;11/05/2019 14:46:29;May 11, 2019 02:46PM;2019-02-06 07:53:22;172.27.225.190
Janice Burke;14/08/2020 02:24:29;August 14, 2020 02:24AM;2019-08-11 07:03:14;10.196.250.24
Kevin Vega;10/12/2020 22:33:46;December 10, 2020 10:33PM;2020-02-22 03:45:00;192.168.18.87
Adam Melendez;13/03/2020 10:16:47;March 13, 2020 10:16AM;2020-02-12 12:40:01;10.236.38.76
Wendy Hunt;25/05/2019 10:33:33;May 25, 2019 10:33AM;2019-11-10 07:43:10;10.252.94.210
Luis Rodriguez;03/07/2019 22:43:37;July 03, 2019 10:43PM;2019-08-05 11:55:04;10.135.29.54
Valerie Abbott MD;17/11/2019 22:48:01;November 17, 2019 10:48PM;2019-09-09 16:27:00;10.3.225.184
Megan Ferguson;11/06/2020 13:51:07;June 11, 2020 01:51PM;2019-06-25 08:18:02;192.168.215.182
Donald Brown;11/08/2020 03:21:27;August 11, 2020 03:21AM;2020-12-09 15:20:10;10.136.74.128
Destiny Thompson;03/01/2020 17:58:51;January 03, 2020 05:58PM;2019-05-22 13:51:48;192.168.97.101
George Rivera;15/10/2019 19:06:34;October 15, 2019 07:06PM;2020-01-01 12:57:05;10.76.109.33
Yolanda Fletcher;23/02/2019 00:12:50;February 23, 2019 12:12AM;2019-01-29 00:10:22;10.124.227.244
Joshua Arnold;12/05/2020 00:39:08;May 12, 2020 12:39AM;2020-07-13 20:32:43;172.16.180.191
Anthony Price;22/07/2019 21:13:48;July 22, 2019 09:13PM;2019-08-15 08:15:46;10.71.249.9
Angela Ryan;10/07/2019 20:26:14;July 10, 2019 08:26PM;2019-10-17 02:12:50;172.28.125.118
Colleen Frazier;25/07/2020 07:46:00;July 25, 2020 07:46AM;2020-08-30 22:27:09;192.168.66.77
Dana Martinez;31/07/2019 18:58:32;July 31, 2019 06:58PM;2019-10-01 21:47:33;172.19.167.235
Caroline Marshall;24/01/2019 13:13:25;January 24, 2019 01:13PM;2020-02-10 04:55:20;192.168.133.248
Pamela Holloway;01/10/2019 16:05:50;October 01, 2019 04:05PM;2020-03-13 01:40:10;192.168.149.148
Joanne Morgan;26/12/2019 03:19:41;December 26, 2019 03:19AM;2019-07-26 09:07:30;172.16.47.57
Christopher Adams;15/09/2019 18:15:32;September 15, 2019 06:15PM;2020-01-11 11:39:44;192.168.95.189
Victor Salazar;25/06/2020 23:58:50;June 25, 2020 11:58PM;2019-02-07 02:14:10;172.24.140.252
Beth Bennett;10/08/2019 13:23:36;August 10, 2019 01:23PM;2019-12-23 18:16:24;10.93.199.167
Christina Chen;11/03/2019 10:36:50;March 11, 2019 10:36AM;2020-09-23 22:37:40;172.22.80.67
Billy Johns;07/10/2019 04:49:52;October 07, 2019 04:49AM;2020-11-25 06:35:25;192.168.14.64
Kevin Ashley;13/11/2019 15:46:22;November 13, 2019 03:46PM;2019-04-02 02:03:16;10.101.171.137
Brian Bennett;29/11/2019 07:04:03;November 29, 2019 07:04AM;2020-01-17 00:20:00;10.200.106.25
Miss Lisa Hall;10/01/2020 17:09:07;January 10, 2020 05:09PM;2020-05-10 01:56:33;192.168.90.84
Jacqueline Crosby;09/01/2020 04:00:25;January 09, 2020 04:00AM;2020-08-31 11:31:49;192.168.127.231
Aaron Brown;21/05/2019 14:36:05;May 21, 2019 02:36PM;2020-11-08 07:33:00;10.88.171.176
Gary Hall;05/11/2019 02:30:58;November 05, 2019 02:30AM;2019-09-07 02:04:49;192.168.99.8
Kenneth Watson;27/12/2019 20:15:44;December 27, 2019 08:15PM;2020-06-30 04:32:50;10.173.61.206
Charles Davis;17/02/2019 07:31:03;February 17, 2019 07:31AM;2019-07-11 00:34:38;172.26.233.220
Claire Lee;28/02/2019 21:55:30;February 28, 2019 09:55PM;2019-03-28 02:43:59;192.168.74.166
Caleb Ramirez;12/02/2020 13:06:39;February 12, 2020 01:06PM;2020-10-23 02:29:21;192.168.243.115
Heidi Clark;20/02/2020 11:57:37;February 20, 2020 11:57AM;2020-02-11 21:49:54;172.19.70.172
Paul Roach;29/07/2020 15:09:30;July 29, 2020 03:09PM;2019-04-13 06:24:42;172.18.148.198
Timothy Reynolds;09/10/2020 05:46:10;October 09, 2020 05:46AM;2019-12-03 20:16:23;192.168.161.75
Jillian King;17/11/2019 09:17:39;November 17, 2019 09:17AM;2019-12-12 10:27:01;10.30.109.1
Brianna Wallace;20/01/2020 23:22:38;January 20, 2020 11:22PM;2020-07-22 09:15:40;192.168.145.13
Tiffany Jones;03/04/2020 13:39:58;April 03, 2020 01:39PM;2020-03-05 09:59:06;172.29.47.249
Monica Kennedy;26/12/2018 09:50:05;December 26, 2018 09:50AM;2020-07-12 22:15:07;10.177.186.77
Elizabeth Cohen;11/08/2020 01:51:02;August 11, 2020 01:51AM;2020-05-25 18:44:12;172.25.39.181
Justin Norris;02/04/2020 16:49:53;April 02, 2020 04:49PM;2020-03-22 22:21:42;10.234.254.108
Bradley Rogers;09/03/2019 03:02:10;March 09, 2019 03:02AM;2019-08-11 21:35:54;192.168.131.2
Wendy Lang;20/07/2020 08:43:45;July 20, 2020 08:43AM;2019-03-26 12:20:06;172.16.167.209
John Smith;07/02/2019 23:12:37;February 07, 2019 11:12PM;2019-04-24 17:10:50;172.23.37.160
Nancy Khan;01/08/2020 20:17:18;August 01, 2020 08:17PM;2018-12-25 12:35:22;192.168.148.229
Ebony Baker;04/06/2020 11:28:43;June 04, 2020 11:28AM;2019-01-18 05:46:30;172.23.238.21
Jesse Moore;14/03/2020 11:44:53;March 14, 2020 11:44AM;2020-03-21 07:01:38;192.168.34.12
Kevin Martinez;04/02/2019 11:21:46;February 04, 2019 11:21AM;2019-12-21 18:17:16;10.162.138.8
Aaron Dunlap;19/08/2019 23:37:29;August 19, 2019 11:37PM;2019-06-22 16:50:17;172.25.26.69
Ms. Lindsey Diaz;26/06/2019 15:44:32;June 26, 2019 03:44PM;2019-08-21 06:41:34;10.177.216.10
Jonathan Heath;25/04/2019 07:35:51;April 25, 2019 07:35AM;2020-05-02 06:27:19;172.26.15.104
Eric Black PhD;10/04/2020 16:41:23;April 10, 2020 04:41PM;2020-06-25 22:32:01;172.26.163.32
Ashley Franklin;30/11/2020 23:35:29;November 30, 2020 11:35PM;2019-10-21 08:51:53;192.168.203.210
Steven Taylor;10/02/2020 18:08:43;February 10, 2020 06:08PM;2019-05-08 10:05:02;172.20.141.235
George Perez;21/11/2019 05:55:57;November 21, 2019 05:55AM;2020-08-10 18:29:50;10.63.163.218
Jorge Collins;07/11/2020 02:38:02;November 07, 2020 02:38AM;2020-03-15 23:31:39;172.22.190.141
Vincent Sullivan;23/05/2020 12:54:28;May 23, 2020 12:54PM;2020-06-09 00:38:47;172.19.143.9
Thomas Johnson;13/06/2020 18:53:15;June 13, 2020 06:53PM;2019-07-10 04:25:13;10.202.184.67
Amy Rocha;10/05/2020 07:43:03;May 10, 2020 07:43AM;2019-02-07 14:42:55;10.189.248.116
Kimberly Bryant;31/10/2019 11:17:55;October 31, 2019 11:17AM;2019-08-12 19:01:32;172.31.26.51
Bradley Simpson;06/07/2020 00:53:49;July 06, 2020 12:53AM;2018-12-12 16:58:48;172.19.77.35
Roberto Wiggins;29/06/2020 17:51:20;June 29, 2020 05:51PM;2019-01-13 04:05:04;10.204.77.112
Charlene Johnson;15/05/2020 02:36:46;May 15, 2020 02:36AM;2019-03-05 07:54:50;192.168.154.105
Michael Allen;31/07/2019 02:48:46;July 31, 2019 02:48AM;2020-04-14 12:47:02;10.140.31.194
Zachary Patterson;16/02/2020 10:03:42;February 16, 2020 10:03AM;2020-10-21 17:12:52;192.168.171.157
Melissa Abbott;29/09/2019 04:35:27;September 29, 2019 04:35AM;2020-07-04 18:43:57;172.19.57.129
Eric Zimmerman;25/08/2019 20:56:41;August 25, 2019 08:56PM;2019-10-31 16:16:03;172.16.238.195
Marc Smith;10/09/2020 05:55:43;September 10, 2020 05:55AM;2020-04-16 05:13:55;172.16.191.75
Maria Hickman;10/05/2020 11:39:46;May 10, 2020 11:39AM;2019-10-12 10:32:18;172.30.228.255
Sarah Mann;14/12/2019 18:40:57;December 14, 2019 06:40PM;2020-03-01 11:33:48;192.168.86.249
Joshua Hanson;18/05/2020 04:56:16;May 18, 2020 04:56AM;2019-04-13 00:05:39;10.186.103.21
Brenda Bridges;09/03/2019 07:26:31;March 09, 2019 07:26AM;2019-11-02 16:38:31;192.168.5.156
Jesse Mueller;14/02/2019 17:50:38;February 14, 2019 05:50PM;2020-12-09 12:38:16;192.168.123.149
Melissa Johnson;09/11/2019 11:18:03;November 09, 2019 11:18AM;2020-10-24 22:11:25;10.48.245.207
Jennifer Austin;12/05/2019 05:24:14;May 12, 2019 05:24AM;2020-03-05 06:55:51;10.243.169.57
Jason Trevino;21/04/2019 21:16:17;April 21, 2019 09:16PM;2019-08-13 06:33:02;10.130.61.34
Mary Tate;21/09/2020 09:29:46;September 21, 2020 09:29AM;2020-07-29 00:02:25;172.18.55.226
Tiffany Bradley;15/01/2020 17:16:10;January 15, 2020 05:16PM;2019-08-17 22:31:16;192.168.110.185
James Lopez;22/09/2020 20:47:50;September 22, 2020 08:47PM;2019-02-26 18:24:12;10.209.116.224
Hannah Nguyen;05/08/2019 00:24:31;August 05, 2019 12:24AM;2019-07-28 19:25:28;172.27.114.47
Brittany Wilson;24/12/2019 04:30:03;December 24, 2019 04:30AM;2019-01-20 10:52:50;10.253.59.123
Michael Stanley;14/06/2020 16:35:46;June 14, 2020 04:35PM;2020-10-21 08:31:17;172.28.25.62
Dillon Taylor;27/02/2020 19:28:12;February 27, 2020 07:28PM;2020-07-29 11:28:51;172.21.184.108
Stephen May;16/08/2020 21:55:35;August 16, 2020 09:55PM;2020-07-09 12:35:47;192.168.74.79
Cheyenne Floyd;11/11/2020 23:00:34;November 11, 2020 11:00PM;2019-07-26 04:16:59;192.168.12.0
Amber Lyons;19/11/2020 07:22:16;November 19, 2020 07:22AM;2019-07-11 11:53:37;192.168.2.131
Gary Brown;26/11/2020 21:50:13;November 26, 2020 09:50PM;2020-10-06 02:51:07;172.28.7.45
Dale Hampton;22/01/2019 05:38:48;January 22, 2019 05:38AM;2019-07-03 22:28:55;10.150.253.47
Edward Jackson;12/04/2019 00:42:42;April 12, 2019 12:42AM;2020-07-26 07:58:00;10.103.244.103
Luis Copeland;01/03/2020 08:02:42;March 01, 2020 08:02AM;2019-08-26 22:30:02;192.168.110.14
Joseph Monroe;25/03/2019 11:45:08;March 25, 2019 11:45AM;2019-12-18 21:55:16;192.168.132.235
Connie Barker;22/05/2019 14:39:07;May 22, 2019 02:39PM;2019-11-17 16:59:56;192.168.13.187
Elizabeth Terry;04/07/2020 05:19:57;July 04, 2020 05:19AM;2019-07-27 05:03:38;192.168.164.145
Jason Mccoy;24/09/2019 18:09:57;September 24, 2019 06:09PM;2019-05-19 09:58:52;192.168.118.153
Timothy Hickman;19/06/2020 20:06:11;June 19, 2020 08:06PM;2019-12-18 16:28:56;172.20.214.98
Natasha Evans;19/08/2019 22:49:44;August 19, 2019 10:49PM;2020-03-30 01:18:25;10.125.19.134
Molly Johnson;31/03/2019 11:48:25;March 31, 2019 11:48AM;2020-06-17 18:50:57;192.168.47.13
Tommy Keller;09/06/2020 19:41:07;June 09, 2020 07:41PM;2019-08-18 15:03:46;172.19.246.189
Annette Mitchell;31/10/2020 13:35:37;October 31, 2020 01:35PM;2020-03-27 03:46:12;10.108.103.73
Alan Brown;04/01/2020 10:04:34;January 04, 2020 10:04AM;2019-08-04 15:34:10;172.29.12.49
Nathan King;03/07/2019 10:45:18;July 03, 2019 10:45AM;2019-02-28 15:52:58;172.28.201.116
Tiffany Carlson;02/11/2019 23:52:33;November 02, 2019 11:52PM;2019-04-06 12:30:29;192.168.147.192
Angela Meyers;07/05/2019 03:52:25;May 07, 2019 03:52AM;2019-08-08 22:44:43;10.65.236.189
Scott Johnson;13/04/2020 05:18:37;April 13, 2020 05:18AM;2019-05-02 19:53:06;10.97.66.56
Amy Rodriguez;27/10/2020 14:35:55;October 27, 2020 02:35PM;2019-08-07 20:44:02;10.146.21.133
Lisa Wilson;07/05/2020 23:49:12;May 07, 2020 11:49PM;2019-11-16 03:18:23;192.168.69.62
Laurie Saunders;10/09/2019 16:04:28;September 10, 2019 04:04PM;2019-09-13 07:38:25;192.168.45.148
Bethany Burns;30/01/2020 03:42:35;January 30, 2020 03:42AM;2020-10-04 23:29:28;10.247.69.18
Tommy Burton;30/01/2019 09:26:32;January 30, 2019 09:26AM;2019-10-04 06:09:30;172.29.227.127
Robert Bryan;23/04/2020 00:50:59;April 23, 2020 12:50AM;2020-04-25 07:25:06;172.29.191.201
Regina Gomez;02/05/2019 23:50:57;May 02, 2019 11:50PM;2019-03-11 15:08:47;192.168.18.81
Alyssa Warren;02/01/2020 04:29:49;January 02, 2020 04:29AM;2020-06-29 19:55:46;10.205.234.212
Michael Cruz;14/07/2020 18:04:06;July 14, 2020 06:04PM;2019-08-22 13:41:38;172.18.146.132
Bryan White;19/02/2019 23:27:34;February 19, 2019 11:27PM;2020-07-11 10:02:18;192.168.3.109
Benjamin Collins;10/05/2019 21:31:08;May 10, 2019 09:31PM;2020-09-12 07:42:21;172.28.228.40
Jonathan Smith;11/10/2019 06:38:51;October 11, 2019 06:38AM;2020-02-20 00:49:29;192.168.65.45
Leslie Jenkins;10/03/2019 01:58:50;March 10, 2019 01:58AM;2020-05-02 12:52:09;172.16.237.206
Robert Watson;20/04/2019 04:05:32;April 20, 2019 04:05AM;2019-12-29 12:11:16;10.76.6.162
Patricia Malone;28/02/2019 00:21:55;February 28, 2019 12:21AM;2020-05-21 02:30:03;192.168.8.79
John Martinez;19/05/2020 11:52:36;May 19, 2020 11:52AM;2020-11-01 09:55:24;172.24.16.24
Robert Harper;02/07/2019 07:32:47;July 02, 2019 07:32AM;2019-02-16 07:05:21;172.29.213.77
Angela Mitchell;31/10/2019 07:12:45;October 31, 2019 07:12AM;2020-10-10 22:56:30;10.70.242.151
Briana Burton;27/09/2019 06:17:17;September 27, 2019 06:17AM;2019-08-23 00:42:38;10.241.163.62
Katie Bullock;29/10/2019 17:49:00;October 29, 2019 05:49PM;2020-01-31 10:17:27;192.168.220.237
Justin Wyatt;03/10/2019 08:41:01;October 03, 2019 08:41AM;2019-07-03 15:41:54;192.168.157.165
Andrew French;04/05/2019 01:26:02;May 04, 2019 01:26AM;2019-05-15 18:11:54;10.183.70.213
Justin Dixon;21/09/2019 09:36:56;September 21, 2019 09:36AM;2019-09-07 02:15:12;10.48.163.93
Amanda Herrera;21/04/2019 12:41:24;April 21, 2019 12:41PM;2019-06-03 13:38:32;172.30.54.160
Joan Payne;08/07/2019 06:19:58;July 08, 2019 06:19AM;2019-06-30 07:50:17;172.19.98.133
Emily Coleman;16/08/2019 18:51:47;August 16, 2019 06:51PM;2019-12-03 18:48:46;10.36.186.178
Melissa Cain;30/12/2018 18:39:13;December 30, 2018 06:39PM;2019-12-16 04:47:25;10.122.79.158
John Yang;21/06/2020 12:02:31;June 21, 2020 12:02PM;2019-07-09 21:23:52;10.160.210.27
Jeanne Massey;12/04/2019 21:51:36;April 12, 2019 09:51PM;2019-09-17 02:37:26;172.24.89.68
Carol Henson;25/06/2020 05:40:26;June 25, 2020 05:40AM;2019-04-13 11:49:24;10.57.106.73
Jonathan Smith;14/03/2020 17:59:45;March 14, 2020 05:59PM;2020-07-25 09:30:39;172.24.196.111
Frank Barajas;16/10/2020 07:21:11;October 16, 2020 07:21AM;2020-06-28 06:47:41;172.22.128.145
Gary Stevens;03/03/2019 10:54:34;March 03, 2019 10:54AM;2020-02-11 19:37:27;10.60.39.94
Alison Barrera;23/08/2019 03:50:32;August 23, 2019 03:50AM;2020-11-13 04:38:37;172.18.84.191
Caitlin Hart;02/09/2019 10:45:23;September 02, 2019 10:45AM;2019-02-22 00:25:31;192.168.205.82
Catherine Foster;22/07/2020 04:36:21;July 22, 2020 04:36AM;2020-10-10 17:50:11;10.91.38.46
Monica Daugherty;05/05/2020 04:44:48;May 05, 2020 04:44AM;2019-05-28 06:19:37;192.168.57.186
Jake Greene;10/04/2019 05:30:45;April 10, 2019 05:30AM;2020-03-04 07:35:35;172.29.160.185
Donald Martin;01/09/2020 13:03:23;September 01, 2020 01:03PM;2019-06-17 00:01:25;172.21.200.46
Charlene Davis;21/10/2019 00:14:55;October 21, 2019 12:14AM;2020-09-05 01:40:33;172.25.176.49
Melissa Smith;12/08/2020 15:14:33;August 12, 2020 03:14PM;2019-07-20 02:28:34;10.223.128.206
Angelica Garcia;24/03/2020 09:29:40;March 24, 2020 09:29AM;2019-02-21 21:44:37;192.168.30.74
Lawrence Smith;22/07/2019 21:03:57;July 22, 2019 09:03PM;2019-07-31 02:58:42;192.168.28.208
Andre Jimenez;11/07/2019 11:09:27;July 11, 2019 11:09AM;2020-02-29 16:24:12;172.19.31.204
Amy Henry;26/09/2020 05:18:11;September 26, 2020 05:18AM;2019-11-13 12:33:57;10.249.198.86
Barbara Trujillo;19/02/2019 07:18:31;February 19, 2019 07:18AM;2020-06-06 10:45:48;10.42.223.79
Taylor Russell;05/03/2020 03:26:08;March 05, 2020 03:26AM;2020-11-25 23:32:58;172.17.214.88
Melanie Lane;30/08/2020 23:04:35;August 30, 2020 11:04PM;2020-01-08 12:43:14;192.168.164.8
Thomas Santiago;13/12/2019 06:01:35;December 13, 2019 06:01AM;2019-05-19 19:11:10;172.28.81.19
Andrew Bell;01/04/2020 01:10:31;April 01, 2020 01:10AM;2019-07-13 11:32:27;10.90.104.87
Brian Garza;04/04/2019 15:36:29;April 04, 2019 03:36PM;2019-11-21 09:43:40;192.168.253.79
Anne Steele;16/04/2020 06:14:43;April 16, 2020 06:14AM;2020-04-19 04:46:14;10.99.95.48
Brittney Rogers;09/11/2020 09:02:50;November 09, 2020 09:02AM;2019-02-01 13:08:12;172.25.56.237
Ryan Perkins;02/12/2019 14:56:56;December 02, 2019 02:56PM;2019-01-07 17:17:38;10.71.82.87
Emma Miller;04/09/2020 02:56:20;September 04, 2020 02:56AM;2019-04-15 11:30:21;10.41.178.95
Ronnie Phillips;15/07/2020 18:21:42;July 15, 2020 06:21PM;2019-12-01 00:27:55;172.26.142.72
Michael Wilkins;31/12/2019 21:22:16;December 31, 2019 09:22PM;2020-02-23 22:52:28;172.21.64.135
Deborah Snyder;07/07/2020 02:02:22;July 07, 2020 02:02AM;2019-01-10 23:44:24;10.13.218.36
Matthew Garcia;13/01/2019 08:56:30;January 13, 2019 08:56AM;2019-12-13 18:29:10;172.19.152.33
Jessica Davis;02/09/2019 01:08:22;September 02, 2019 01:08AM;2020-05-01 09:03:02;192.168.235.5
Kristen Harris;28/07/2019 18:39:13;July 28, 2019 06:39PM;2019-01-20 12:15:25;10.136.159.174
Courtney Sparks;21/05/2020 12:06:45;May 21, 2020 12:06PM;2019-02-06 02:47:22;10.189.71.45
Angela Williams;30/01/2019 00:13:02;January 30, 2019 12:13AM;2020-08-27 21:14:49;192.168.28.221
Nicole Wilson;23/01/2020 09:41:05;January 23, 2020 09:41AM;2020-01-21 05:09:18;10.181.159.18
Alexandra Aguilar;21/02/2020 01:32:05;February 21, 2020 01:32AM;2019-09-26 04:29:33;172.28.231.72
Steven Oliver;29/03/2020 06:50:18;March 29, 2020 06:50AM;2020-10-22 13:40:07;172.30.191.178
Shannon Garcia;11/05/2019 00:28:09;May 11, 2019 12:28AM;2019-08-09 07:30:10;192.168.71.188
Hannah Mclean;13/02/2020 20:43:54;February 13, 2020 08:43PM;2020-08-18 19:23:23;172.25.34.48
Jorge Bernard;30/11/2019 21:45:44;November 30, 2019 09:45PM;2020-06-06 23:26:02;192.168.220.183
Steven Sanchez;04/06/2020 16:12:01;June 04, 2020 04:12PM;2019-02-23 21:45:34;172.30.174.26
Jorge Martinez;08/01/2019 02:27:05;January 08, 2019 02:27AM;2019-11-30 22:01:39;192.168.79.81
James Duncan;21/06/2020 10:25:46;June 21, 2020 10:25AM;2020-01-27 00:20:12;10.215.124.195
Alexis Nguyen;07/06/2020 07:55:28;June 07, 2020 07:55AM;2019-05-01 23:16:35;192.168.65.234
Dustin Mclaughlin;16/12/2019 22:07:27;December 16, 2019 10:07PM;2019-11-10 15:08:30;172.26.141.30
Ms. Jasmin Bennett;29/12/2018 17:43:23;December 29, 2018 05:43PM;2019-03-24 12:25:36;192.168.119.246
Jessica Perez;09/06/2020 14:57:31;June 09, 2020 02:57PM;2020-11-02 02:18:19;10.41.130.29
Gina Knight;21/02/2019 21:48:07;February 21, 2019 09:48PM;2019-02-17 14:20:05;10.24.64.81
Christopher Williams;11/05/2019 09:58:25;May 11, 2019 09:58AM;2020-07-14 19:06:18;10.204.247.194
Dawn Rivera;19/08/2020 04:43:16;August 19, 2020 04:43AM;2019-08-23 13:14:38;192.168.106.229
Pamela Lee;23/05/2020 19:18:21;May 23, 2020 07:18PM;2019-09-12 23:26:39;172.30.142.153
Jerry Zimmerman;06/01/2019 04:41:37;January 06, 2019 04:41AM;2020-03-19 03:58:34;192.168.10.74
Elizabeth Brown;18/06/2020 05:31:30;June 18, 2020 05:31AM;2019-07-18 13:00:25;172.30.193.205
Jamie James;05/02/2019 14:34:49;February 05, 2019 02:34PM;2019-04-01 19:34:31;192.168.93.47
Karen Smith DVM;24/10/2019 16:07:39;October 24, 2019 04:07PM;2019-11-06 13:14:58;10.233.74.183
Mandy Richards;11/05/2019 21:05:24;May 11, 2019 09:05PM;2019-02-08 08:08:25;10.157.49.253
Elizabeth Willis;01/10/2019 18:24:07;October 01, 2019 06:24PM;2019-11-17 11:16:04;172.26.4.247
Teresa Rodriguez;28/03/2019 10:08:44;March 28, 2019 10:08AM;2019-12-23 21:23:55;172.21.234.147
Daniel Mcdonald;07/03/2020 16:39:17;March 07, 2020 04:39PM;2019-08-11 00:14:48;10.89.186.203
Tonya James;17/05/2019 16:49:02;May 17, 2019 04:49PM;2018-12-14 14:31:45;172.26.89.141
Allen Fowler;21/07/2019 00:27:34;July 21, 2019 12:27AM;2020-06-30 23:54:58;10.46.241.110
Julie Barber;03/12/2019 03:55:52;December 03, 2019 03:55AM;2019-06-03 16:26:57;172.18.251.178
Eric Beltran;01/02/2020 09:20:08;February 01, 2020 09:20AM;2020-05-03 10:28:38;10.20.106.33
Steven Weber;17/12/2019 06:42:39;December 17, 2019 06:42AM;2019-12-27 23:32:50;172.20.235.76
Jessica Bates;20/05/2019 14:07:42;May 20, 2019 02:07PM;2019-12-15 05:10:51;10.143.236.183
Jacob Castillo;26/04/2020 19:35:17;April 26, 2020 07:35PM;2019-09-18 12:42:32;172.29.17.247
Sandra Cunningham;06/04/2019 03:23:35;April 06, 2019 03:23AM;2019-06-27 09:55:47;172.19.88.206
Adam Clayton;29/06/2020 14:09:01;June 29, 2020 02:09PM;2019-03-18 16:28:07;172.17.90.221
Thomas Taylor;07/11/2020 15:41:17;November 07, 2020 03:41PM;2019-06-07 01:17:26;172.26.235.197
Justin Watts;12/06/2020 12:54:25;June 12, 2020 12:54PM;2019-12-25 05:31:55;10.76.7.192
Deborah Thompson;21/11/2019 18:04:25;November 21, 2019 06:04PM;2019-10-20 10:22:46;10.154.53.194
Diana Washington;06/09/2019 03:55:08;September 06, 2019 03:55AM;2020-03-29 01:43:56;10.176.14.21
Melissa Sims;06/02/2020 03:16:57;February 06, 2020 03:16AM;2019-06-27 05:37:31;192.168.168.83
Angelica Martinez;12/11/2019 23:47:08;November 12, 2019 11:47PM;2020-07-11 21:00:48;172.31.0.200
Frank Thomas;17/05/2019 21:36:07;May 17, 2019 09:36PM;2019-10-15 14:57:31;192.168.119.187
Julie Roach;30/10/2019 17:59:38;October 30, 2019 05:59PM;2020-04-29 20:36:03;10.95.27.13
Anna Manning;03/11/2020 04:40:14;November 03, 2020 04:40AM;2020-10-29 16:06:12;192.168.208.42
Luis Jimenez;02/09/2019 13:32:50;September 02, 2019 01:32PM;2019-05-03 18:54:37;10.159.89.115
Theresa Johnson;20/03/2019 03:56:32;March 20, 2019 03:56AM;2019-09-24 11:32:27;192.168.161.225
Louis Young;13/12/2018 11:55:52;December 13, 2018 11:55AM;2019-11-30 12:57:55;192.168.225.44
Mark Schroeder;25/02/2019 22:58:58;February 25, 2019 10:58PM;2020-03-19 05:27:16;10.107.83.77
Matthew Ryan;08/07/2020 02:07:45;July 08, 2020 02:07AM;2019-03-04 08:03:18;172.27.181.89
Sarah Clark;21/05/2020 17:40:11;May 21, 2020 05:40PM;2020-05-23 08:37:49;192.168.64.48
Emily Sutton;07/05/2019 21:44:20;May 07, 2019 09:44PM;2020-02-10 01:44:30;10.46.86.30
Paul Sanchez;05/06/2020 01:56:42;June 05, 2020 01:56AM;2020-05-24 14:46:19;10.162.226.147
Raymond Smith;29/12/2018 08:27:43;December 29, 2018 08:27AM;2019-06-08 19:54:49;192.168.137.212
Justin Johnson;13/10/2020 15:54:05;October 13, 2020 03:54PM;2020-04-27 22:42:15;10.33.63.35
Eric Fitzpatrick;04/06/2019 17:14:38;June 04, 2019 05:14PM;2020-08-11 21:20:07;192.168.111.115
James Gonzales;02/08/2020 03:00:55;August 02, 2020 03:00AM;2020-03-01 20:35:33;192.168.13.13
Terri King;31/08/2020 10:07:44;August 31, 2020 10:07AM;2019-10-10 09:12:53;192.168.38.192
Brittney Prince;28/06/2019 20:48:49;June 28, 2019 08:48PM;2020-11-09 20:03:20;10.109.7.229
Michelle James;31/03/2020 05:24:26;March 31, 2020 05:24AM;2020-08-27 03:38:38;192.168.49.152
Denise Orozco;18/12/2019 23:45:28;December 18, 2019 11:45PM;2019-09-03 19:42:49;192.168.74.118
Robert Barrett;25/12/2018 19:59:48;December 25, 2018 07:59PM;2019-04-29 08:48:13;10.182.122.253
Kimberly Lewis;03/10/2020 13:43:40;October 03, 2020 01:43PM;2020-07-01 05:18:14;192.168.56.213
Angela Lee;02/01/2019 02:18:49;January 02, 2019 02:18AM;2019-11-30 19:47:20;192.168.41.227
Alan Torres;24/07/2020 04:42:30;July 24, 2020 04:42AM;2020-04-13 08:48:00;172.21.139.114
Alisha Lynch;29/07/2019 19:49:08;July 29, 2019 07:49PM;2020-08-18 03:38:19;10.242.109.86
Raymond Evans;10/12/2020 12:15:03;December 10, 2020 12:15PM;2020-07-04 16:58:54;192.168.80.121
Julie Marquez;13/06/2020 16:52:51;June 13, 2020 04:52PM;2020-02-15 10:33:15;172.26.115.216
Phillip Valencia;28/12/2019 00:59:03;December 28, 2019 12:59AM;2019-09-27 21:22:30;172.20.166.252
Elizabeth Boone;06/09/2019 00:26:16;September 06, 2019 12:26AM;2020-09-22 15:35:12;192.168.85.172
William Thomas;13/03/2020 15:43:07;March 13, 2020 03:43PM;2019-07-19 21:34:10;10.212.192.216
Ronald Tucker;07/07/2019 08:08:57;July 07, 2019 08:08AM;2020-05-07 04:28:05;172.27.85.231
Roberto Jennings;06/01/2020 04:33:13;January 06, 2020 04:33AM;2019-07-21 18:23:39;10.147.208.132
Jill Hoffman;29/12/2018 12:06:34;December 29, 2018 12:06PM;2020-01-24 08:46:38;10.244.101.1
Sonia Chen;30/03/2019 16:00:10;March 30, 2019 04:00PM;2020-07-23 15:00:09;10.141.250.217
Frank Adams;28/07/2019 00:33:23;July 28, 2019 12:33AM;2019-11-07 23:06:51;192.168.187.134
Kristina Combs;29/01/2019 09:03:38;January 29, 2019 09:03AM;2020-09-17 18:59:45;172.26.64.11
Benjamin Campbell;26/04/2019 07:53:16;April 26, 2019 07:53AM;2020-04-20 04:56:38;172.22.242.196
Martin Deleon;20/04/2019 00:11:53;April 20, 2019 12:11AM;2019-12-05 10:25:16;10.62.174.59
Ian Allen;28/09/2020 01:16:01;September 28, 2020 01:16AM;2020-03-04 22:39:33;192.168.89.76
Matthew Campos;06/11/2019 03:21:47;November 06, 2019 03:21AM;2019-09-21 17:58:07;192.168.191.104
James Ayala;08/08/2020 13:32:05;August 08, 2020 01:32PM;2020-09-08 02:46:23;192.168.69.42
Antonio Booth;24/08/2019 20:47:08;August 24, 2019 08:47PM;2020-04-01 13:35:39;10.185.209.119
Rhonda Lambert;20/10/2020 04:38:42;October 20, 2020 04:38AM;2019-11-03 15:47:32;192.168.225.229
Richard Roberson;23/04/2019 17:31:26;April 23, 2019 05:31PM;2020-08-15 12:09:38;172.28.74.13
Shawn Griffith;19/09/2019 00:10:23;September 19, 2019 12:10AM;2019-03-13 09:35:31;192.168.22.124
Timothy Solis;07/03/2020 20:33:23;March 07, 2020 08:33PM;2019-03-02 13:40:04;192.168.171.3
Barbara Jacobs;27/04/2020 14:31:07;April 27, 2020 02:31PM;2020-10-17 18:23:01;192.168.149.165
Sean Patel;01/03/2019 09:12:15;March 01, 2019 09:12AM;2020-02-14 08:03:05;10.252.121.193
Anthony Thompson;10/03/2020 21:55:04;March 10, 2020 09:55PM;2019-10-15 08:52:07;192.168.151.31
Mark Savage;24/09/2019 19:53:14;September 24, 2019 07:53PM;2019-10-04 21:37:33;192.168.232.243
Rachel Torres;03/08/2020 19:56:34;August 03, 2020 07:56PM;2019-10-04 10:26:21;172.19.80.26
Sophia Daniels;03/02/2020 23:20:19;February 03, 2020 11:20PM;2020-01-11 14:45:06;172.25.58.186
Susan Clark;29/08/2019 02:02:05;August 29, 2019 02:02AM;2020-11-09 05:32:20;10.164.191.13
Angela Patterson;05/11/2020 17:20:25;November 05, 2020 05:20PM;2020-04-13 02:56:33;172.27.6.25
Douglas Gonzalez;11/12/2019 08:33:01;December 11, 2019 08:33AM;2019-02-10 12:03:03;172.29.165.98
Joshua Nichols;10/02/2020 23:08:39;February 10, 2020 11:08PM;2019-10-01 02:09:31;10.151.98.137
Michael Torres;12/02/2020 02:31:35;February 12, 2020 02:31AM;2020-07-15 06:03:59;172.18.49.120
Melanie Fox;07/10/2020 21:32:04;October 07, 2020 09:32PM;2020-06-01 19:14:00;172.23.134.159
Sharon Kelly;04/08/2019 02:09:15;August 04, 2019 02:09AM;2020-09-10 00:34:46;192.168.132.200
Jacob Mcdonald;07/02/2020 13:12:05;February 07, 2020 01:12PM;2020-12-06 16:08:28;10.243.53.80
Alexandra White;08/07/2020 22:22:11;July 08, 2020 10:22PM;2019-01-19 11:14:01;10.145.227.253
Molly Daniels;29/11/2020 08:45:42;November 29, 2020 08:45AM;2019-08-30 09:24:35;10.137.166.234
Brian Alvarado;08/10/2019 17:01:26;October 08, 2019 05:01PM;2019-05-17 17:44:26;172.29.183.113
Aaron Johnson;18/01/2019 14:16:25;January 18, 2019 02:16PM;2020-05-06 10:38:53;192.168.18.174
Amanda Barnes MD;07/01/2020 01:55:00;January 07, 2020 01:55AM;2020-10-15 06:26:57;172.22.95.158
Dr. Alejandro Calhoun;01/10/2019 01:03:51;October 01, 2019 01:03AM;2020-08-25 21:08:30;172.27.4.131
Michelle Holt;01/08/2020 21:36:31;August 01, 2020 09:36PM;2019-10-29 12:22:40;10.67.79.194
Donna Brown;12/11/2019 07:20:12;November 12, 2019 07:20AM;2020-06-25 05:50:23;10.161.54.47
Nicole Decker;10/02/2019 17:00:25;February 10, 2019 05:00PM;2019-10-25 13:22:44;10.213.221.116
Shane Hall;16/04/2020 13:15:50;April 16, 2020 01:15PM;2019-06-02 16:28:23;172.26.204.146
Travis Blanchard;25/02/2020 15:58:09;February 25, 2020 03:58PM;2020-10-29 23:52:32;10.218.25.227
Kayla Schwartz;23/07/2020 13:11:39;July 23, 2020 01:11PM;2019-12-31 03:04:32;192.168.54.59
Stephanie Drake;21/04/2020 20:56:06;April 21, 2020 08:56PM;2019-04-11 06:05:32;172.26.33.34
Nathan Jackson;18/12/2018 14:33:45;December 18, 2018 02:33PM;2019-09-12 05:31:05;10.141.71.14
William Clark;08/11/2020 18:45:41;November 08, 2020 06:45PM;2020-09-17 13:50:23;172.30.127.205
Christopher Ochoa;21/07/2019 05:49:20;July 21, 2019 05:49AM;2020-12-06 17:29:10;10.216.29.252
Elizabeth Valdez;26/11/2019 21:43:19;November 26, 2019 09:43PM;2020-01-11 12:15:14;172.30.70.228
Brandon Kennedy;28/03/2019 14:12:38;March 28, 2019 02:12PM;2019-09-07 12:32:17;172.31.168.22
Brandi Palmer;09/02/2019 08:34:08;February 09, 2019 08:34AM;2019-09-25 04:27:32;172.31.153.27
Ronald Chung;09/05/2020 02:36:54;May 09, 2020 02:36AM;2018-12-27 18:52:07;172.26.221.28
Michael Hull;29/02/2020 21:29:14;February 29, 2020 09:29PM;2018-12-11 19:16:17;10.168.232.44
Shawn Miller;24/04/2019 16:29:18;April 24, 2019 04:29PM;2020-08-01 22:39:43;172.18.1.136
Cindy Montoya;21/10/2019 13:57:03;October 21, 2019 01:57PM;2020-01-10 08:28:09;10.242.205.96
Anthony Paul;09/03/2020 21:56:15;March 09, 2020 09:56PM;2020-09-07 01:38:07;172.31.159.233
Jennifer Garza;15/12/2018 04:25:00;December 15, 2018 04:25AM;2020-03-01 00:15:16;10.145.218.157
Carolyn Salas;04/08/2020 07:44:39;August 04, 2020 07:44AM;2020-09-28 02:45:51;10.47.14.86
Richard Bradley;01/05/2019 14:49:14;May 01, 2019 02:49PM;2020-11-24 16:41:08;10.224.118.224
Melissa Frazier;27/08/2019 08:25:50;August 27, 2019 08:25AM;2019-08-18 12:47:11;10.179.134.126
Connie Johnson;21/02/2019 18:12:09;February 21, 2019 06:12PM;2019-11-15 05:15:28;192.168.29.98
Jane Moreno;13/01/2019 09:07:43;January 13, 2019 09:07AM;2019-07-04 15:06:49;192.168.188.112
Jill Duran;23/06/2020 11:29:30;June 23, 2020 11:29AM;2019-12-21 21:01:13;192.168.135.218
Diana Wiley;13/09/2020 13:36:15;September 13, 2020 01:36PM;2019-07-24 16:49:19;192.168.46.174
Jamie Pugh;07/02/2020 06:21:33;February 07, 2020 06:21AM;2020-08-28 07:19:50;172.25.138.255
John Leonard;20/05/2020 14:04:08;May 20, 2020 02:04PM;2020-07-28 06:38:52;192.168.9.247
Amber Nolan;14/03/2020 00:25:23;March 14, 2020 12:25AM;2019-10-02 04:24:29;192.168.133.40
Clayton Mitchell;24/08/2020 18:32:59;August 24, 2020 06:32PM;2019-05-26 01:05:19;172.31.11.171
Eric Reynolds;28/01/2019 11:38:01;January 28, 2019 11:38AM;2019-11-30 21:19:10;172.23.222.1
Christian Simon;04/01/2020 07:14:03;January 04, 2020 07:14AM;2019-08-12 16:11:23;10.27.50.109
Shannon Robinson;10/04/2020 10:12:38;April 10, 2020 10:12AM;2019-05-16 20:25:45;192.168.107.79
Morgan Bradshaw;24/05/2020 06:11:03;May 24, 2020 06:11AM;2019-08-29 03:48:24;172.24.197.126
Margaret Bennett;13/12/2019 09:23:22;December 13, 2019 09:23AM;2019-12-21 15:41:05;172.29.38.183
Cynthia Reyes;15/08/2019 02:37:41;August 15, 2019 02:37AM;2019-04-22 06:10:31;172.18.228.23
Jesse Solis;23/06/2019 23:19:17;June 23, 2019 11:19PM;2019-09-07 13:57:23;192.168.29.253
Lisa Thomas;21/03/2019 01:55:19;March 21, 2019 01:55AM;2020-05-30 08:28:46;10.101.252.68
John Miller;21/02/2020 00:25:14;February 21, 2020 12:25AM;2019-06-13 17:22:32;10.24.86.168
Rebecca Palmer;20/09/2020 18:23:26;September 20, 2020 06:23PM;2020-08-27 19:12:52;192.168.38.17
Elaine Flores;11/05/2019 04:31:29;May 11, 2019 04:31AM;2020-03-14 20:42:12;10.76.14.28
Beth Ross;24/09/2020 20:08:45;September 24, 2020 08:08PM;2020-04-16 13:38:16;10.94.175.102
Kevin Hernandez;03/02/2020 07:53:27;February 03, 2020 07:53AM;2018-12-22 03:08:02;10.107.203.2
Peter Key;06/07/2020 14:53:50;July 06, 2020 02:53PM;2020-03-12 14:39:30;172.24.245.149
Mark Gonzalez;17/01/2020 01:38:37;January 17, 2020 01:38AM;2019-01-01 05:16:05;10.122.191.168
Amber Meza;26/06/2019 10:33:39;June 26, 2019 10:33AM;2019-11-04 08:55:54;172.18.249.89
Ebony Sampson;14/07/2019 22:19:07;July 14, 2019 10:19PM;2019-03-16 20:05:36;172.19.239.37
William Riley DVM;03/01/2020 14:36:58;January 03, 2020 02:36PM;2020-06-24 20:37:50;172.29.5.239
Stacy Gonzalez;03/09/2020 19:55:32;September 03, 2020 07:55PM;2020-01-27 12:30:41;192.168.227.120
Kimberly Gutierrez;23/08/2020 19:04:59;August 23, 2020 07:04PM;2019-10-19 13:52:33;172.16.52.240
Julie Hendricks;04/12/2019 05:56:35;December 04, 2019 05:56AM;2019-05-21 08:25:04;10.84.252.174
Brittany Sanders;28/12/2018 13:36:59;December 28, 2018 01:36PM;2020-01-21 14:25:21;192.168.180.105
Denise Soto;22/05/2020 15:38:18;May 22, 2020 03:38PM;2019-05-02 01:38:10;192.168.86.77
Raven Lawrence;15/12/2018 13:32:42;December 15, 2018 01:32PM;2018-12-30 02:49:46;10.165.61.76
Laura Lin;18/07/2019 23:51:29;July 18, 2019 11:51PM;2019-05-17 05:49:48;10.5.81.37
Brooke Tanner;12/05/2020 14:01:26;May 12, 2020 02:01PM;2019-08-09 04:37:43;192.168.178.160
Kelly Nguyen;10/10/2020 19:55:31;October 10, 2020 07:55PM;2020-12-07 05:56:33;172.28.39.6
Kathleen Mcclure;04/07/2020 21:43:36;July 04, 2020 09:43PM;2019-11-28 20:50:25;192.168.219.234
Nicole Farmer;22/01/2020 14:40:09;January 22, 2020 02:40PM;2020-05-12 22:11:53;172.23.69.30
Anna Rodriguez;26/09/2019 02:06:18;September 26, 2019 02:06AM;2020-05-20 09:19:57;10.133.17.151
Brett Kramer;22/10/2019 03:13:04;October 22, 2019 03:13AM;2019-03-09 01:46:03;172.29.97.206
Dr. Dana Jones MD;06/05/2020 08:26:35;May 06, 2020 08:26AM;2019-05-15 21:08:33;192.168.137.7
Katie Rios;20/06/2019 23:50:22;June 20, 2019 11:50PM;2019-11-10 00:04:46;172.26.118.95
Nicholas Lawrence;06/09/2020 16:32:03;September 06, 2020 04:32PM;2019-08-25 11:00:51;192.168.166.143
William Hammond;10/06/2020 00:48:27;June 10, 2020 12:48AM;2019-09-21 00:33:52;172.18.20.216
Cynthia Burton;23/08/2020 11:30:26;August 23, 2020 11:30AM;2019-10-30 22:05:01;10.15.11.28
Kimberly Jones;02/07/2020 01:01:35;July 02, 2020 01:01AM;2020-09-03 03:09:01;172.17.183.89
Omar Frye;09/12/2020 07:53:13;December 09, 2020 07:53AM;2020-05-25 22:03:34;172.20.51.119
Kristen Rios;04/09/2020 01:52:33;September 04, 2020 01:52AM;2020-08-29 10:39:48;172.27.169.45
Melissa Wagner;15/06/2019 15:03:28;June 15, 2019 03:03PM;2020-02-04 10:07:55;192.168.40.171
Shaun King;01/07/2019 00:36:16;July 01, 2019 12:36AM;2019-10-17 21:59:55;10.63.80.252
Jeffrey Kirby;11/06/2020 10:07:07;June 11, 2020 10:07AM;2019-05-05 01:32:28;172.27.82.240
Scott Rollins;19/04/2020 04:08:58;April 19, 2020 04:08AM;2020-09-20 09:51:49;10.225.203.112
Joseph Mitchell;23/10/2019 08:15:33;October 23, 2019 08:15AM;2020-01-12 12:40:24;172.17.210.246
Joseph King;25/07/2019 22:59:59;July 25, 2019 10:59PM;2019-11-26 13:35:47;10.109.67.208
Amanda Hamilton;25/03/2020 00:59:40;March 25, 2020 12:59AM;2020-09-08 10:07:41;172.17.51.115
Nicholas Russell;12/05/2019 23:13:54;May 12, 2019 11:13PM;2019-05-11 10:36:15;10.18.252.31
Amanda Williams;20/03/2020 02:17:57;March 20, 2020 02:17AM;2018-12-16 11:16:24;172.21.120.79
Vicki Owens;02/01/2019 09:14:43;January 02, 2019 09:14AM;2019-06-03 18:18:49;192.168.5.146
Charles Wells;25/02/2020 12:55:59;February 25, 2020 12:55PM;2019-08-08 23:30:22;172.25.34.78
Lisa Christensen;22/11/2020 15:59:07;November 22, 2020 03:59PM;2020-08-09 21:33:57;192.168.161.216
Micheal Brown;26/02/2020 18:15:02;February 26, 2020 06:15PM;2019-12-12 08:04:15;172.23.6.240
Jeffrey Guerra;13/07/2020 20:08:13;July 13, 2020 08:08PM;2020-03-18 15:40:41;10.60.68.239
Victoria Miller;30/01/2020 15:10:14;January 30, 2020 03:10PM;2019-01-06 03:00:14;192.168.244.183
Terry Foley;31/08/2020 14:16:56;August 31, 2020 02:16PM;2019-02-08 19:58:23;10.149.7.47
Mary Velez;13/10/2020 22:56:13;October 13, 2020 10:56PM;2019-05-30 10:16:29;172.28.71.208
Christina Powers;10/11/2020 15:20:43;November 10, 2020 03:20PM;2019-12-15 11:23:39;10.226.91.97
Travis Rodriguez;28/06/2020 21:05:17;June 28, 2020 09:05PM;2020-04-12 10:27:11;10.201.217.119
Jared Rivera;26/03/2020 03:34:48;March 26, 2020 03:34AM;2019-10-03 03:18:50;172.19.150.181
Suzanne Conway;13/09/2019 17:24:11;September 13, 2019 05:24PM;2019-05-04 20:35:11;172.25.49.60
Melissa Sexton;09/02/2019 12:22:44;February 09, 2019 12:22PM;2020-03-01 20:41:08;10.99.133.253
Gabriel Welch;26/12/2018 13:33:33;December 26, 2018 01:33PM;2019-06-30 20:06:47;192.168.185.183
Lauren Allen;31/07/2020 16:30:54;July 31, 2020 04:30PM;2018-12-23 16:46:19;10.93.43.134
Brian Tyler;12/07/2020 13:12:19;July 12, 2020 01:12PM;2018-12-19 04:26:40;192.168.73.232
Jennifer Stewart;24/12/2018 19:11:07;December 24, 2018 07:11PM;2020-05-09 04:43:12;172.25.154.198
Cassandra Walker;17/05/2020 02:51:28;May 17, 2020 02:51AM;2019-01-20 21:53:47;10.174.97.198
Andrew Wilkins;01/02/2020 12:16:29;February 01, 2020 12:16PM;2020-11-08 03:24:17;172.20.221.124
Jon Shaw;12/09/2019 09:26:05;September 12, 2019 09:26AM;2019-10-03 04:31:41;172.22.219.14
Emily Wise;17/06/2020 06:06:01;June 17, 2020 06:06AM;2019-12-02 23:43:50;192.168.204.143
Michael Pittman;28/10/2020 02:58:28;October 28, 2020 02:58AM;2020-10-08 13:52:52;192.168.121.238
Larry Scott;17/11/2019 19:50:46;November 17, 2019 07:50PM;2020-10-25 10:39:04;172.20.83.33
Warren Rice;09/01/2020 10:25:58;January 09, 2020 10:25AM;2020-08-01 05:18:36;172.17.178.65
Elizabeth Hansen;18/04/2019 06:15:40;April 18, 2019 06:15AM;2020-08-09 06:44:34;10.56.38.144
Johnny Keith;08/07/2020 02:48:50;July 08, 2020 02:48AM;2020-01-01 04:45:38;192.168.59.213
William Mclaughlin;04/02/2019 18:54:17;February 04, 2019 06:54PM;2019-05-13 21:54:24;192.168.130.172
Michael Maxwell;08/02/2019 21:01:56;February 08, 2019 09:01PM;2019-11-13 14:51:55;172.16.35.76
Maria Lopez;21/11/2019 14:58:29;November 21, 2019 02:58PM;2020-02-29 18:25:04;10.237.137.182
Brooke Brown;06/09/2019 17:50:07;September 06, 2019 05:50PM;2020-07-24 17:43:15;10.95.179.7
Leah Cowan;13/07/2020 13:07:39;July 13, 2020 01:07PM;2019-06-25 05:01:58;172.17.171.21
Alexis Tucker;03/09/2019 06:50:19;September 03, 2019 06:50AM;2020-06-29 02:15:48;10.235.6.31
Joy Garcia;15/01/2020 20:18:20;January 15, 2020 08:18PM;2018-12-25 04:18:21;10.127.53.30
Jade Santos;07/07/2019 19:56:31;July 07, 2019 07:56PM;2020-09-19 05:30:42;172.24.56.206
Tommy Olson;01/01/2020 22:40:50;January 01, 2020 10:40PM;2019-07-25 15:10:58;192.168.185.189
Clifford Ramos;02/02/2020 03:26:33;February 02, 2020 03:26AM;2019-06-23 17:56:37;192.168.56.113
Sherry Adams;14/07/2020 21:23:16;July 14, 2020 09:23PM;2019-11-17 19:55:27;192.168.105.76
Kimberly Velasquez;29/08/2020 23:39:21;August 29, 2020 11:39PM;2020-10-15 07:07:23;172.18.228.176
Lauren Kelly;06/07/2019 10:38:37;July 06, 2019 10:38AM;2019-11-09 02:11:14;10.34.29.212
Jacob White;19/11/2020 16:46:09;November 19, 2020 04:46PM;2019-05-31 23:09:17;192.168.191.72
Walter Long;09/12/2020 15:50:47;December 09, 2020 03:50PM;2020-07-25 20:35:17;10.51.9.124
Holly Lee;03/01/2020 15:24:19;January 03, 2020 03:24PM;2019-07-24 08:54:05;10.68.235.255
Alyssa Silva;31/01/2020 03:46:11;January 31, 2020 03:46AM;2020-07-19 02:04:24;192.168.109.108
Jose King;22/02/2019 21:36:20;February 22, 2019 09:36PM;2020-08-04 07:35:23;10.28.157.72
Vanessa Banks;03/02/2019 17:12:42;February 03, 2019 05:12PM;2020-09-23 14:34:27;172.31.93.139
Amy Blair;15/01/2019 05:28:19;January 15, 2019 05:28AM;2019-11-03 12:15:54;10.198.194.92
Patricia Wise;04/01/2019 20:25:59;January 04, 2019 08:25PM;2019-05-21 03:23:32;10.134.160.178
Amy Benjamin;21/06/2020 01:27:01;June 21, 2020 01:27AM;2019-11-16 05:26:18;172.29.108.109
Zachary Wright;07/03/2019 02:42:29;March 07, 2019 02:42AM;2020-06-21 05:54:18;192.168.96.230
Keith Guerrero;17/01/2019 19:22:37;January 17, 2019 07:22PM;2020-11-06 11:57:55;192.168.225.147
Kaitlyn Gomez;15/03/2020 14:37:39;March 15, 2020 02:37PM;2019-06-05 14:46:18;172.26.155.100
Ronald Perry;01/01/2019 10:06:35;January 01, 2019 10:06AM;2020-01-29 14:59:15;172.29.136.128
Robert Green;12/11/2019 11:28:46;November 12, 2019 11:28AM;2019-07-01 06:28:01;172.18.3.92
Travis Brown;30/11/2020 18:25:09;November 30, 2020 06:25PM;2019-11-24 16:11:17;192.168.121.221
Mark Perez;03/10/2019 02:16:44;October 03, 2019 02:16AM;2020-02-23 18:38:05;10.121.59.121
Aaron Ross;14/09/2019 04:30:31;September 14, 2019 04:30AM;2019-11-21 02:48:36;192.168.11.163
Joseph Nguyen;22/12/2019 21:17:26;December 22, 2019 09:17PM;2019-02-21 15:27:19;172.23.90.209
Jill White;21/09/2020 22:03:44;September 21, 2020 10:03PM;2019-08-02 08:19:07;172.24.217.188
Victoria Mason;18/11/2020 09:04:19;November 18, 2020 09:04AM;2020-07-05 13:11:45;172.28.66.118
Christopher Ferguson;07/03/2019 08:45:12;March 07, 2019 08:45AM;2020-08-19 06:38:00;10.85.8.54
Todd Jones;31/08/2020 10:25:15;August 31, 2020 10:25AM;2020-06-11 07:10:33;172.29.136.134
Thomas Foley;10/10/2020 11:43:29;October 10, 2020 11:43AM;2020-07-06 06:30:36;172.25.126.211
Jesse Atkinson;30/05/2019 07:03:49;May 30, 2019 07:03AM;2020-10-14 08:58:36;172.30.249.29
Elizabeth Roberts;21/12/2019 17:46:21;December 21, 2019 05:46PM;2019-07-01 06:14:37;192.168.109.183
Kevin Wright;05/11/2019 16:39:43;November 05, 2019 04:39PM;2019-02-28 12:11:17;192.168.171.242
Maurice Davis;25/10/2019 20:04:12;October 25, 2019 08:04PM;2019-10-04 01:30:43;192.168.2.211
Jonathan Frank;05/12/2020 19:10:03;December 05, 2020 07:10PM;2020-06-19 03:24:42;172.18.166.100
Harold Watson;08/08/2019 00:21:53;August 08, 2019 12:21AM;2020-04-23 19:16:28;172.28.240.76
Nicholas Haas;05/07/2020 11:41:09;July 05, 2020 11:41AM;2020-08-17 09:54:57;192.168.75.181
Jonathan Kelly Jr.;29/12/2019 09:10:09;December 29, 2019 09:10AM;2019-03-13 23:17:18;10.75.243.96
Melissa King;15/05/2020 22:35:24;May 15, 2020 10:35PM;2020-03-03 01:27:45;172.21.157.220
Melissa Garcia;23/05/2020 01:24:15;May 23, 2020 01:24AM;2020-11-04 01:38:39;10.222.95.248
Sara Thomas;14/01/2020 12:56:54;January 14, 2020 12:56PM;2020-10-07 00:08:37;172.20.78.36
Christopher Fuller;16/07/2020 03:57:07;July 16, 2020 03:57AM;2020-10-20 21:59:49;192.168.27.176
Joseph Curtis;23/01/2020 12:56:41;January 23, 2020 12:56PM;2019-05-10 13:45:46;10.56.251.1
Cheryl Thomas;07/02/2020 03:38:42;February 07, 2020 03:38AM;2019-12-05 08:10:18;192.168.100.124
Alicia Thompson;19/07/2020 10:09:38;July 19, 2020 10:09AM;2019-02-25 13:06:10;172.19.192.236
James Rivera;15/08/2019 03:00:23;August 15, 2019 03:00AM;2020-01-25 16:39:26;172.22.73.211
Michele White;02/07/2020 01:31:32;July 02, 2020 01:31AM;2019-12-17 08:49:36;10.221.150.5
Michael Fields;24/01/2020 06:28:10;January 24, 2020 06:28AM;2020-03-28 22:46:16;10.149.177.203
Susan Hayes;15/08/2019 19:59:12;August 15, 2019 07:59PM;2020-10-17 05:35:52;172.23.125.181
Matthew Riddle;12/10/2019 09:50:39;October 12, 2019 09:50AM;2019-03-20 12:18:57;172.27.167.99
Adam Andrews;21/08/2019 05:50:18;August 21, 2019 05:50AM;2019-06-21 12:26:07;192.168.183.66
Michelle Reynolds;05/04/2020 10:51:38;April 05, 2020 10:51AM;2019-07-09 01:45:10;10.4.123.129
Kristine Gomez;25/06/2020 07:39:19;June 25, 2020 07:39AM;2019-04-14 22:21:43;172.27.26.112
Adam Hansen;27/04/2020 19:53:45;April 27, 2020 07:53PM;2019-07-31 16:09:48;10.83.218.237
Gary Buchanan;15/03/2019 20:01:27;March 15, 2019 08:01PM;2020-10-31 16:47:41;192.168.59.39
Jessica Koch DVM;13/10/2019 08:00:08;October 13, 2019 08:00AM;2020-09-29 09:17:49;10.54.210.206
Paul Sanchez;07/07/2019 15:24:58;July 07, 2019 03:24PM;2020-01-13 22:39:12;172.26.90.137
Roy White;18/06/2020 01:12:16;June 18, 2020 01:12AM;2019-06-23 12:10:49;192.168.70.190
Jeffery Nelson;14/09/2019 01:59:01;September 14, 2019 01:59AM;2020-12-01 09:20:16;10.7.209.109
Chad Wallace;30/01/2020 07:43:43;January 30, 2020 07:43AM;2020-07-17 20:53:34;10.185.92.143
Anthony Mcfarland;24/03/2019 23:00:10;March 24, 2019 11:00PM;2019-01-15 15:16:18;172.23.161.67
Frederick Scott;03/06/2019 03:38:37;June 03, 2019 03:38AM;2019-05-16 17:04:42;192.168.161.118
Heather Perkins;01/04/2020 09:53:24;April 01, 2020 09:53AM;2019-11-08 23:43:35;10.26.179.98
Jacqueline Holland;12/05/2019 19:48:01;May 12, 2019 07:48PM;2020-04-05 20:57:37;192.168.18.121
Kevin Martinez;20/08/2019 19:58:42;August 20, 2019 07:58PM;2020-03-03 19:22:52;192.168.171.118
Stephanie Conway;01/08/2020 03:07:25;August 01, 2020 03:07AM;2019-06-03 05:49:47;192.168.64.172
Jason Skinner;30/04/2020 08:50:14;April 30, 2020 08:50AM;2019-05-20 10:08:16;10.178.248.69
Elizabeth Abbott;03/02/2019 12:18:55;February 03, 2019 12:18PM;2019-05-03 05:38:22;10.27.67.20
Timothy Rhodes;26/12/2018 10:53:13;December 26, 2018 10:53AM;2020-04-20 10:06:36;192.168.141.4
Justin Oliver;22/09/2019 23:27:21;September 22, 2019 11:27PM;2019-10-07 02:38:28;192.168.133.183
Willie Brown;08/08/2019 13:43:02;August 08, 2019 01:43PM;2019-05-02 23:29:42;172.26.120.55
Cynthia Gaines;01/01/2019 20:45:49;January 01, 2019 08:45PM;2020-04-12 00:59:57;10.193.227.10
Gary Brown;03/04/2020 18:20:13;April 03, 2020 06:20PM;2020-05-09 06:36:50;172.27.155.175
Tracey Ramos MD;07/02/2019 14:39:06;February 07, 2019 02:39PM;2020-06-12 20:55:38;172.27.10.223
Tyrone Maxwell;04/05/2019 08:30:07;May 04, 2019 08:30AM;2020-08-14 11:19:10;10.73.212.209
Shane Peterson;03/04/2019 07:09:38;April 03, 2019 07:09AM;2020-03-17 02:27:28;192.168.190.71
Scott Howard;23/09/2020 09:23:56;September 23, 2020 09:23AM;2019-12-01 13:18:42;172.27.170.159
Jessica Pennington;16/02/2020 13:38:46;February 16, 2020 01:38PM;2019-02-22 01:32:44;172.30.193.67
William Leonard;16/04/2019 15:43:47;April 16, 2019 03:43PM;2019-03-21 03:24:09;192.168.165.183
Patrick Payne;03/12/2020 00:02:46;December 03, 2020 12:02AM;2019-02-16 21:09:15;172.21.252.186
Richard Reeves;16/08/2020 10:45:45;August 16, 2020 10:45AM;2019-08-23 22:06:40;172.27.15.103
Kyle Malone;08/05/2019 20:40:12;May 08, 2019 08:40PM;2019-06-29 20:53:19;10.249.182.43
Angelica Weiss;28/11/2019 01:54:43;November 28, 2019 01:54AM;2019-09-04 02:55:07;10.206.74.105
Christine Holt;26/08/2019 15:34:08;August 26, 2019 03:34PM;2019-05-03 13:41:53;10.54.63.92
Tammy Jacobson;07/11/2019 17:09:59;November 07, 2019 05:09PM;2020-11-15 14:37:58;172.31.132.67
Jason Marshall;31/07/2020 18:15:55;July 31, 2020 06:15PM;2020-10-06 15:21:41;192.168.190.13
Jason Graham;29/10/2019 05:41:31;October 29, 2019 05:41AM;2019-12-05 12:32:13;172.28.202.25
Donald White;12/08/2020 04:13:25;August 12, 2020 04:13AM;2020-06-30 18:44:25;192.168.24.165
Vincent Kelly;29/10/2020 18:45:53;October 29, 2020 06:45PM;2020-11-02 09:19:21;192.168.71.203
Nathan Cunningham;17/03/2020 20:04:37;March 17, 2020 08:04PM;2019-07-13 23:49:43;10.26.66.144
Samantha Ramirez;09/10/2019 03:53:20;October 09, 2019 03:53AM;2020-10-29 10:12:28;192.168.118.162
Maureen Stevens;15/12/2019 06:41:16;December 15, 2019 06:41AM;2018-12-12 09:39:57;172.29.57.32
Rita Davis;19/11/2020 13:33:24;November 19, 2020 01:33PM;2019-04-26 17:31:07;192.168.11.35
Matthew Simpson;30/07/2020 02:20:25;July 30, 2020 02:20AM;2020-09-24 22:43:09;10.84.200.107
Wendy Anderson MD;19/05/2020 15:17:19;May 19, 2020 03:17PM;2020-06-18 11:23:52;172.18.151.103
Chloe Harris;03/06/2019 10:16:59;June 03, 2019 10:16AM;2019-06-12 14:46:44;10.190.59.88
Jaime Kelly;06/02/2019 08:45:34;February 06, 2019 08:45AM;2019-03-21 15:00:51;10.219.53.29
Sharon Miller;14/01/2019 20:39:24;January 14, 2019 08:39PM;2020-04-12 22:57:03;10.85.135.171
Tammy Williams;05/08/2019 06:34:56;August 05, 2019 06:34AM;2019-07-04 03:23:13;192.168.26.143
Nicole Hoffman;21/11/2020 01:28:43;November 21, 2020 01:28AM;2020-02-15 21:04:34;10.160.141.106
Angela Rodriguez;13/05/2019 12:39:26;May 13, 2019 12:39PM;2019-02-17 02:01:13;10.245.51.74
Cheryl Ortega;21/03/2020 19:40:03;March 21, 2020 07:40PM;2020-05-09 08:36:56;10.100.54.137
Erin Miller;14/11/2019 18:00:21;November 14, 2019 06:00PM;2019-02-28 21:44:10;192.168.133.155
Michelle Moses;31/05/2019 18:45:38;May 31, 2019 06:45PM;2020-01-27 23:10:59;192.168.106.24
Vickie Smith;01/09/2019 09:19:57;September 01, 2019 09:19AM;2020-06-18 22:59:28;10.41.0.133
Thomas Wilson;07/02/2019 15:42:59;February 07, 2019 03:42PM;2019-03-30 07:00:18;192.168.2.217
Morgan Krueger;04/07/2020 06:39:13;July 04, 2020 06:39AM;2019-01-27 10:15:38;192.168.36.95
Anthony Eaton;14/07/2019 07:05:57;July 14, 2019 07:05AM;2019-10-29 20:15:53;10.115.48.61
Regina Cruz;18/03/2020 08:42:33;March 18, 2020 08:42AM;2019-11-26 14:35:22;10.235.0.220
Leslie Ford;15/05/2020 18:36:00;May 15, 2020 06:36PM;2020-02-12 06:29:20;192.168.122.87
Lisa Hall;15/04/2020 21:33:50;April 15, 2020 09:33PM;2019-10-31 20:25:01;172.30.109.54
Michael Krause;22/01/2019 19:00:22;January 22, 2019 07:00PM;2019-12-04 12:19:36;192.168.231.19
Joseph Rodriguez;28/01/2020 09:08:54;January 28, 2020 09:08AM;2019-03-18 08:25:20;172.27.64.228
Mr. Lawrence Mora;04/03/2019 23:01:08;March 04, 2019 11:01PM;2019-08-15 10:42:15;10.179.224.49
Harold Anderson;31/01/2020 10:25:20;January 31, 2020 10:25AM;2020-12-04 00:54:43;192.168.63.140
James Aguirre;01/04/2019 21:40:14;April 01, 2019 09:40PM;2019-10-07 18:15:01;172.17.160.21
Maria Benton;07/01/2020 14:41:06;January 07, 2020 02:41PM;2019-04-13 20:58:26;10.90.202.130
Samantha George;19/05/2020 19:31:55;May 19, 2020 07:31PM;2018-12-16 11:03:13;172.24.84.85
Donna Carey;03/09/2019 07:01:17;September 03, 2019 07:01AM;2019-04-13 19:19:20;192.168.13.87
Susan Lopez;20/01/2019 04:16:48;January 20, 2019 04:16AM;2020-01-29 00:10:20;10.101.181.82
Amanda Henry;09/09/2020 03:01:30;September 09, 2020 03:01AM;2019-12-29 12:15:03;10.183.249.57
Danielle Nielsen;13/11/2019 07:22:57;November 13, 2019 07:22AM;2019-04-11 07:12:14;172.18.136.132
Brian Sawyer;05/04/2019 10:09:43;April 05, 2019 10:09AM;2020-03-23 02:32:43;172.16.144.247
Amy Gallagher;02/08/2019 11:08:33;August 02, 2019 11:08AM;2020-05-28 15:03:36;192.168.254.76
Dylan Johnson;29/11/2019 19:20:28;November 29, 2019 07:20PM;2020-05-19 17:28:35;10.193.43.188
Christine Thomas;24/06/2019 00:47:58;June 24, 2019 12:47AM;2020-01-09 05:08:07;10.81.151.113
Anthony Oneal;07/10/2020 01:16:10;October 07, 2020 01:16AM;2019-03-15 02:42:22;192.168.0.28
Shaun Kelly;17/01/2020 20:31:30;January 17, 2020 08:31PM;2020-06-18 10:11:43;10.106.234.151
Justin Salazar;23/11/2019 10:42:02;November 23, 2019 10:42AM;2020-05-21 17:04:43;172.18.138.177
Nancy Rodgers;20/03/2019 17:00:04;March 20, 2019 05:00PM;2019-06-15 21:24:22;172.16.130.199
Sandra Chavez;12/02/2019 21:01:26;February 12, 2019 09:01PM;2020-01-27 20:24:32;192.168.47.149
Chad Morales;01/10/2019 05:08:09;October 01, 2019 05:08AM;2019-10-24 13:32:04;192.168.42.130
Melissa Juarez;07/08/2019 23:20:26;August 07, 2019 11:20PM;2020-07-23 07:43:57;10.224.206.155
Paula Marshall;29/09/2019 23:55:05;September 29, 2019 11:55PM;2020-06-21 01:57:14;172.16.233.57
Brooke Wolf;05/11/2019 09:44:57;November 05, 2019 09:44AM;2019-09-26 23:31:39;192.168.8.147
Allison Miller;17/07/2020 07:42:22;July 17, 2020 07:42AM;2018-12-29 00:10:57;172.25.59.233
Jennifer Galloway;23/05/2019 18:28:32;May 23, 2019 06:28PM;2020-07-30 21:35:45;192.168.213.81
Phillip Rodriguez;20/03/2020 23:49:23;March 20, 2020 11:49PM;2020-05-01 10:37:26;192.168.188.41
Joshua Ballard;20/09/2020 18:54:29;September 20, 2020 06:54PM;2020-11-18 16:14:20;192.168.170.122
Mitchell Benson;25/09/2019 10:01:02;September 25, 2019 10:01AM;2019-12-15 08:56:18;172.16.159.110
Sharon Neal;29/08/2019 18:31:41;August 29, 2019 06:31PM;2020-10-05 08:42:48;192.168.99.169
Joseph Martinez;31/12/2018 23:00:01;December 31, 2018 11:00PM;2019-11-24 05:24:52;172.23.233.249
John Morris;10/07/2019 23:34:30;July 10, 2019 11:34PM;2020-04-11 01:57:59;10.176.83.112
Albert Nelson;03/12/2019 06:52:04;December 03, 2019 06:52AM;2020-11-02 00:33:04;10.32.43.36
Sarah Mitchell;25/11/2019 21:11:49;November 25, 2019 09:11PM;2020-01-14 17:34:27;172.26.133.223
Elizabeth Todd;07/04/2019 16:09:50;April 07, 2019 04:09PM;2019-07-31 01:07:13;172.30.65.160
Leslie Cook;06/08/2020 10:54:18;August 06, 2020 10:54AM;2019-06-04 19:07:03;172.28.246.205
Dennis Brooks;12/05/2019 23:28:45;May 12, 2019 11:28PM;2020-09-15 18:02:23;192.168.123.36
Jerome Price;02/10/2019 10:44:17;October 02, 2019 10:44AM;2020-07-02 20:01:37;172.28.20.51
Alvin Murillo;01/02/2019 22:57:13;February 01, 2019 10:57PM;2020-10-04 09:42:36;172.17.27.245
Joseph Collins;21/07/2019 10:14:33;July 21, 2019 10:14AM;2019-11-16 13:30:28;192.168.160.212
Luis Chang;31/08/2019 11:13:30;August 31, 2019 11:13AM;2020-01-15 00:14:38;192.168.72.159
Jeffery Banks;29/10/2020 12:23:54;October 29, 2020 12:23PM;2018-12-24 10:32:56;10.49.136.89
Rebecca Smith;07/05/2019 01:30:46;May 07, 2019 01:30AM;2020-05-05 18:11:08;172.25.118.189
Barbara Day;19/06/2019 13:43:34;June 19, 2019 01:43PM;2020-04-30 05:47:26;10.72.156.127
Jordan Thompson;06/03/2020 18:34:06;March 06, 2020 06:34PM;2019-04-24 21:16:57;192.168.108.15
Andrew Raymond;22/08/2019 23:49:39;August 22, 2019 11:49PM;2018-12-17 02:36:37;10.100.148.246
Holly Fowler;22/07/2020 05:02:55;July 22, 2020 05:02AM;2019-04-04 11:01:50;172.19.126.171
Alisha Gibson;31/07/2020 18:36:33;July 31, 2020 06:36PM;2020-02-02 04:54:30;192.168.15.246
William Clark;13/09/2020 00:30:33;September 13, 2020 12:30AM;2019-11-22 00:03:53;192.168.166.253
Susan Dean;08/09/2020 13:55:54;September 08, 2020 01:55PM;2019-06-13 11:04:40;192.168.34.45
Kathy Wu;20/03/2019 18:51:06;March 20, 2019 06:51PM;2018-12-11 20:15:31;10.231.104.240
Matthew Mills;30/10/2020 08:51:01;October 30, 2020 08:51AM;2019-05-07 18:30:53;10.77.189.175
Mary Johnston;18/05/2019 19:16:58;May 18, 2019 07:16PM;2020-05-01 13:10:13;172.19.189.84
Stephanie Cummings;08/07/2020 15:30:34;July 08, 2020 03:30PM;2020-01-06 20:35:50;192.168.144.28
Tonya Cochran;05/08/2019 20:46:08;August 05, 2019 08:46PM;2019-11-19 18:53:52;10.8.234.11
Kristen Miller;04/05/2020 05:27:55;May 04, 2020 05:27AM;2019-03-02 03:27:26;192.168.125.28
Megan Myers;24/10/2020 20:42:12;October 24, 2020 08:42PM;2019-06-07 04:41:12;192.168.33.48
Mr. Ryan Hernandez;14/02/2020 13:52:56;February 14, 2020 01:52PM;2020-07-09 19:26:22;10.180.237.62
Brianna Trujillo;29/04/2019 14:25:35;April 29, 2019 02:25PM;2020-11-26 17:26:21;10.230.134.75
Alexandra Lowe;22/07/2020 14:58:40;July 22, 2020 02:58PM;2020-01-16 12:21:41;192.168.10.206
Daniel Torres Jr.;03/10/2020 14:00:30;October 03, 2020 02:00PM;2020-11-28 23:18:52;192.168.251.237
Curtis Parker;20/01/2020 00:19:12;January 20, 2020 12:19AM;2020-08-01 20:54:03;10.105.76.93
Rebecca Caldwell;21/06/2020 03:44:00;June 21, 2020 03:44AM;2019-06-08 05:15:39;172.20.2.58
Michael Richardson;29/09/2020 15:03:47;September 29, 2020 03:03PM;2020-10-04 05:07:38;192.168.24.224
Eric Booth;09/08/2019 23:24:26;August 09, 2019 11:24PM;2019-07-17 01:40:36;192.168.205.167
Robert Johnson;02/02/2020 00:32:02;February 02, 2020 12:32AM;2020-07-07 20:21:51;192.168.9.80
Denise Humphrey;13/04/2020 18:18:56;April 13, 2020 06:18PM;2020-06-16 03:56:37;10.149.176.24
Katie Spencer;23/03/2020 14:39:57;March 23, 2020 02:39PM;2020-08-11 14:39:10;192.168.159.126
John Griffin;28/04/2020 06:52:43;April 28, 2020 06:52AM;2020-02-23 08:12:55;172.18.20.121
Calvin Day;01/07/2019 10:39:09;July 01, 2019 10:39AM;2019-04-17 15:22:43;10.158.33.124
Timothy Thomas;13/06/2019 22:52:42;June 13, 2019 10:52PM;2019-01-27 18:35:47;192.168.131.19
Lonnie Leonard;08/09/2019 13:46:34;September 08, 2019 01:46PM;2019-04-28 21:13:28;172.21.213.165
Francisco Huber;31/08/2020 06:25:48;August 31, 2020 06:25AM;2019-01-01 19:31:18;10.150.172.54
Roy Pittman;08/10/2020 01:58:06;October 08, 2020 01:58AM;2020-10-05 04:15:00;172.21.14.170
Christopher Barrett;23/12/2019 23:22:19;December 23, 2019 11:22PM;2020-10-03 10:57:27;192.168.194.110
Anthony White;08/05/2019 02:37:56;May 08, 2019 02:37AM;2020-01-21 09:18:49;10.146.79.0
Donald Anderson;07/03/2019 18:20:46;March 07, 2019 06:20PM;2020-11-10 01:44:22;192.168.114.163
Jamie Huber;15/05/2020 23:53:44;May 15, 2020 11:53PM;2019-07-24 18:34:58;10.17.139.173
Timothy Murray;05/12/2020 13:27:57;December 05, 2020 01:27PM;2020-08-13 06:21:39;10.145.94.1
Chelsea Schultz;12/04/2019 01:05:50;April 12, 2019 01:05AM;2020-01-19 16:30:44;192.168.236.96
Luis Rivera;10/08/2020 16:51:49;August 10, 2020 04:51PM;2019-11-24 21:13:18;172.16.67.43
Alyssa Carter;16/09/2019 08:24:24;September 16, 2019 08:24AM;2019-07-14 03:22:23;10.250.20.36
Amber Shaw;29/06/2020 17:20:24;June 29, 2020 05:20PM;2020-09-09 15:02:14;172.23.195.66
George Mckinney;06/07/2020 19:16:04;July 06, 2020 07:16PM;2020-09-06 03:26:37;192.168.52.53
Christine Brown;10/08/2019 21:55:29;August 10, 2019 09:55PM;2020-06-26 23:42:09;172.29.138.28
Shawn Davis;09/03/2020 08:19:48;March 09, 2020 08:19AM;2019-10-09 02:06:03;172.17.177.120
Michael Mcbride;08/03/2019 15:54:02;March 08, 2019 03:54PM;2020-04-04 14:06:14;172.28.70.215
Rebecca Cardenas;16/06/2019 21:04:54;June 16, 2019 09:04PM;2020-05-07 13:39:31;10.37.161.148
Janet Collins;19/02/2019 09:08:21;February 19, 2019 09:08AM;2019-03-30 16:51:48;10.127.83.103
Lindsey Taylor;24/06/2019 16:34:45;June 24, 2019 04:34PM;2019-06-16 09:06:32;10.129.231.86
Mr. Larry Ramirez;12/07/2019 18:55:00;July 12, 2019 06:55PM;2020-06-10 14:08:28;10.164.53.155
Emily Gutierrez;26/01/2019 17:33:05;January 26, 2019 05:33PM;2019-01-28 00:20:17;10.35.99.249
Craig White;11/06/2019 19:22:22;June 11, 2019 07:22PM;2019-04-12 07:58:25;172.22.153.46
Brandon Mitchell;19/08/2019 12:14:28;August 19, 2019 12:14PM;2020-01-06 18:00:11;10.250.180.16
David Fisher;01/11/2019 11:35:12;November 01, 2019 11:35AM;2020-10-09 03:39:33;10.133.114.184
Brandon Davies;25/09/2019 20:17:44;September 25, 2019 08:17PM;2019-10-27 23:30:30;172.25.239.19
Mckenzie Hayes;20/11/2019 16:29:42;November 20, 2019 04:29PM;2020-01-23 00:24:31;10.232.255.152
Cole Flores;23/11/2019 18:24:02;November 23, 2019 06:24PM;2020-08-13 11:14:26;10.7.177.243
Robert Evans Jr.;20/01/2019 00:08:32;January 20, 2019 12:08AM;2020-07-11 05:59:44;10.122.40.38
Susan Rich;17/09/2019 17:00:19;September 17, 2019 05:00PM;2019-07-11 13:44:49;192.168.217.45
Amanda Adkins;07/02/2020 19:29:25;February 07, 2020 07:29PM;2019-01-11 08:45:12;172.29.72.60
James Jones;11/10/2020 06:41:07;October 11, 2020 06:41AM;2020-09-12 16:55:06;10.23.160.163
James Hill;10/07/2019 20:11:35;July 10, 2019 08:11PM;2020-05-09 22:35:57;10.250.30.59
Samantha Allen;26/08/2019 01:01:47;August 26, 2019 01:01AM;2020-07-01 08:02:29;10.42.150.173
Benjamin Leonard;21/07/2019 16:31:22;July 21, 2019 04:31PM;2020-07-20 15:01:26;10.230.134.29
Hannah Johnson;24/12/2018 20:07:37;December 24, 2018 08:07PM;2019-03-25 21:08:20;10.156.23.5
Julie Ramirez;16/02/2019 03:55:36;February 16, 2019 03:55AM;2020-10-12 02:20:37;172.22.1.116
Andrew Salas;12/03/2019 12:45:43;March 12, 2019 12:45PM;2020-08-19 03:34:07;192.168.22.201
Bailey Hansen;04/03/2020 14:06:03;March 04, 2020 02:06PM;2020-03-23 12:05:26;192.168.221.11
Joshua Figueroa;26/10/2019 10:59:23;October 26, 2019 10:59AM;2018-12-25 16:20:48;192.168.69.103
Jacob Moran;03/12/2019 11:48:56;December 03, 2019 11:48AM;2020-03-09 00:39:30;172.20.106.214
Jeanne Davis;12/08/2020 09:00:13;August 12, 2020 09:00AM;2019-10-19 07:58:06;192.168.253.228
Jesse Buchanan;30/01/2019 13:27:37;January 30, 2019 01:27PM;2020-04-08 18:56:15;192.168.250.3
Christopher Stokes;24/05/2019 14:50:05;May 24, 2019 02:50PM;2020-02-18 04:36:12;192.168.206.253
Leroy Williams;02/05/2019 18:58:55;May 02, 2019 06:58PM;2018-12-31 17:06:13;192.168.112.161
Henry Oliver;07/07/2019 02:42:38;July 07, 2019 02:42AM;2020-07-06 11:54:30;192.168.247.41
Amber Cantu;31/10/2019 13:48:50;October 31, 2019 01:48PM;2020-06-09 13:45:51;172.25.116.235
Brenda Martin;20/06/2019 23:39:14;June 20, 2019 11:39PM;2020-07-26 05:39:24;192.168.181.7
Anthony Gill;04/04/2020 15:21:39;April 04, 2020 03:21PM;2020-01-23 08:54:55;192.168.41.148
Brandy Johnson;29/10/2019 14:34:27;October 29, 2019 02:34PM;2019-12-10 04:17:21;192.168.164.13
Gregg Bell;07/01/2020 14:01:09;January 07, 2020 02:01PM;2020-09-28 11:42:56;172.20.121.46
Scott Clayton;16/11/2020 02:47:07;November 16, 2020 02:47AM;2020-05-23 15:44:54;172.27.198.107
Joseph Colon;21/11/2020 05:55:06;November 21, 2020 05:55AM;2020-06-23 13:03:48;192.168.118.93
Tracy Hernandez;05/01/2020 20:42:19;January 05, 2020 08:42PM;2019-07-19 01:11:50;172.31.248.180
Bob Williams;01/10/2020 05:37:07;October 01, 2020 05:37AM;2019-07-04 16:12:40;192.168.130.246
Lance Kim;14/08/2019 03:45:29;August 14, 2019 03:45AM;2020-05-15 03:33:16;172.16.130.120
Carlos Santiago;30/12/2019 00:13:39;December 30, 2019 12:13AM;2020-05-08 13:41:17;172.16.66.133
Susan Price;11/08/2019 04:29:44;August 11, 2019 04:29AM;2019-03-28 00:40:03;192.168.217.238
Michelle Schroeder;17/08/2019 14:47:30;August 17, 2019 02:47PM;2019-12-07 04:15:55;172.17.152.234
James Moore;02/06/2019 17:27:14;June 02, 2019 05:27PM;2020-10-13 18:59:49;10.163.133.249
Barry Jordan;01/10/2020 02:34:19;October 01, 2020 02:34AM;2019-06-15 01:54:36;10.243.249.214
Lisa Ryan;19/09/2020 04:37:40;September 19, 2020 04:37AM;2019-09-16 17:15:42;172.20.158.226
Manuel Vargas;07/03/2019 10:23:17;March 07, 2019 10:23AM;2020-07-15 17:57:23;10.11.131.206
Tamara Jones;21/08/2019 17:04:03;August 21, 2019 05:04PM;2019-07-31 08:05:10;172.26.119.167
Lisa Jones;31/12/2019 11:15:44;December 31, 2019 11:15AM;2019-12-19 02:34:33;10.117.5.143
Regina Reeves;22/09/2019 01:53:03;September 22, 2019 01:53AM;2019-09-18 11:07:19;172.21.157.237
Zachary Schwartz;27/08/2020 00:06:25;August 27, 2020 12:06AM;2019-06-07 09:33:32;10.59.80.31
Joseph Meyers;03/08/2019 17:18:10;August 03, 2019 05:18PM;2019-04-04 01:37:27;10.105.152.92
Hannah Delgado;03/12/2020 14:30:11;December 03, 2020 02:30PM;2020-06-23 02:21:18;10.128.233.35
Angel Long;23/01/2019 17:52:19;January 23, 2019 05:52PM;2020-11-25 01:46:30;10.108.26.7
Susan Reynolds;17/12/2019 16:46:38;December 17, 2019 04:46PM;2019-03-07 02:55:34;172.16.115.142
Douglas Berger;12/09/2019 14:20:05;September 12, 2019 02:20PM;2019-10-12 14:16:28;10.187.103.208
Anthony Russell;04/09/2019 07:57:43;September 04, 2019 07:57AM;2019-08-05 19:39:57;172.30.9.106
Jamie Lee;11/02/2019 02:29:08;February 11, 2019 02:29AM;2019-07-20 08:48:34;172.18.51.236
Ashley Atkins;21/05/2019 21:55:34;May 21, 2019 09:55PM;2019-01-25 21:37:38;10.10.254.222
Courtney Morrison;26/02/2019 00:32:02;February 26, 2019 12:32AM;2019-02-03 02:25:06;10.223.80.157
Jonathon Curtis;17/03/2020 04:14:51;March 17, 2020 04:14AM;2019-03-05 19:58:43;10.175.43.120
Stacy Juarez;18/01/2020 17:50:29;January 18, 2020 05:50PM;2019-06-19 13:25:25;192.168.68.108
Michael Thomas;04/02/2020 10:47:40;February 04, 2020 10:47AM;2020-04-28 11:25:09;10.168.47.226
Kim Diaz;17/01/2020 10:40:18;January 17, 2020 10:40AM;2020-06-29 11:58:10;10.35.229.117
Diane Murray;09/09/2020 16:13:32;September 09, 2020 04:13PM;2019-04-04 16:04:27;172.17.248.183
Dustin Mills;23/03/2019 12:05:01;March 23, 2019 12:05PM;2019-05-23 04:30:03;10.54.52.158
Rebekah Reed;04/08/2019 23:50:11;August 04, 2019 11:50PM;2020-09-01 01:23:13;192.168.147.47
Evan Diaz;20/11/2020 00:41:12;November 20, 2020 12:41AM;2018-12-23 15:21:07;192.168.107.11
Amber Cameron;22/05/2019 08:08:20;May 22, 2019 08:08AM;2020-04-22 09:36:29;172.21.78.197
Troy Hicks;13/04/2019 12:30:29;April 13, 2019 12:30PM;2019-03-18 08:25:24;192.168.85.68
Andrew Jackson;21/01/2019 01:51:48;January 21, 2019 01:51AM;2020-08-11 12:14:14;10.176.69.219
Gary Huff;24/02/2019 07:09:14;February 24, 2019 07:09AM;2020-04-05 15:22:30;172.24.77.191
Brooke Medina;05/07/2020 20:19:17;July 05, 2020 08:19PM;2020-05-01 22:24:33;10.100.233.236
Christopher Davenport;08/09/2019 02:38:40;September 08, 2019 02:38AM;2019-04-22 06:21:11;10.254.30.69
Steven Perez;05/03/2019 20:21:44;March 05, 2019 08:21PM;2019-02-26 23:56:22;10.217.47.69
Bradley Santana;11/09/2019 16:02:47;September 11, 2019 04:02PM;2020-03-05 08:05:31;172.22.199.222
Lawrence Davis;23/09/2019 10:06:52;September 23, 2019 10:06AM;2019-02-01 08:57:56;192.168.69.59
Nancy Vang;08/04/2020 04:17:11;April 08, 2020 04:17AM;2019-07-28 22:30:15;10.218.76.194
Kevin Gilbert;05/12/2020 09:23:31;December 05, 2020 09:23AM;2020-01-13 05:36:14;10.51.121.119
John Smith;13/06/2019 02:03:30;June 13, 2019 02:03AM;2019-11-02 19:03:10;10.252.236.234
Michelle Avery;23/02/2019 04:47:56;February 23, 2019 04:47AM;2019-09-27 12:19:24;10.78.36.144
Nicole Miller;03/01/2019 15:03:04;January 03, 2019 03:03PM;2019-09-02 08:29:03;172.17.42.123
Patricia Martinez;11/01/2020 15:03:19;January 11, 2020 03:03PM;2019-05-05 11:19:25;10.24.134.92
Nicholas Gallagher;13/08/2019 22:01:37;August 13, 2019 10:01PM;2020-03-21 19:28:34;10.153.122.143
Lisa Lewis;29/04/2020 11:46:35;April 29, 2020 11:46AM;2020-07-20 11:21:32;10.247.230.213
Mariah Bowman;03/02/2019 08:04:04;February 03, 2019 08:04AM;2019-05-20 13:53:03;10.20.25.116
Timothy Taylor;12/06/2019 01:18:28;June 12, 2019 01:18AM;2020-08-18 10:31:38;10.145.197.22
Austin Banks;07/03/2020 12:57:24;March 07, 2020 12:57PM;2020-08-21 13:43:43;172.31.143.19
Teresa Perkins;16/04/2020 00:26:51;April 16, 2020 12:26AM;2019-07-05 16:12:30;192.168.109.55
Thomas Smith;01/09/2020 03:39:47;September 01, 2020 03:39AM;2020-10-30 15:11:38;172.25.37.26
Heidi Torres;08/06/2019 11:49:46;June 08, 2019 11:49AM;2019-05-29 16:19:01;172.22.224.116
Jennifer Hart;30/12/2019 03:37:29;December 30, 2019 03:37AM;2020-10-01 13:20:00;10.133.12.161
Mrs. Alyssa Mccann;30/01/2019 08:12:22;January 30, 2019 08:12AM;2020-06-10 23:51:31;172.16.146.57
Justin Lucas;25/06/2019 00:02:38;June 25, 2019 12:02AM;2019-10-06 11:56:28;172.30.89.64
Mandy Walters;27/07/2019 11:42:32;July 27, 2019 11:42AM;2020-04-07 03:35:54;172.30.65.215
Brian Wilkins;28/10/2019 23:08:36;October 28, 2019 11:08PM;2020-03-20 04:39:39;10.100.80.171
Christopher Chan;25/01/2019 17:45:08;January 25, 2019 05:45PM;2018-12-11 16:08:18;10.176.144.219
Virginia Sims;19/07/2019 21:46:13;July 19, 2019 09:46PM;2019-01-11 21:45:27;172.18.123.159
Kiara Lopez;29/04/2019 13:53:22;April 29, 2019 01:53PM;2019-12-21 21:09:07;10.23.203.138
Sandra Green;12/10/2019 00:00:33;October 12, 2019 12:00AM;2019-03-19 02:25:43;10.33.91.48
Luis Phillips;17/02/2019 14:59:51;February 17, 2019 02:59PM;2020-03-06 04:01:39;172.25.90.142
Vanessa Long;06/01/2020 07:46:21;January 06, 2020 07:46AM;2019-04-03 00:37:25;10.221.152.92
Gary Heath;11/02/2019 04:36:29;February 11, 2019 04:36AM;2019-12-08 07:06:42;172.20.251.49
Christopher Allen;15/11/2020 10:12:36;November 15, 2020 10:12AM;2020-04-11 07:53:46;192.168.200.83
Michelle Barnes;10/12/2019 07:37:12;December 10, 2019 07:37AM;2020-04-25 02:56:06;10.119.11.238
Benjamin Dixon;09/05/2020 11:00:47;May 09, 2020 11:00AM;2020-03-03 22:06:07;192.168.251.148
Sandra Gordon;10/05/2020 01:53:56;May 10, 2020 01:53AM;2020-01-06 07:32:53;192.168.228.112
Linda Ellison;18/01/2020 04:05:15;January 18, 2020 04:05AM;2019-12-08 03:13:37;10.66.79.75
Michael Roberson;15/10/2020 00:29:47;October 15, 2020 12:29AM;2020-02-28 14:36:33;172.31.114.176
Pamela Gray;29/12/2018 06:31:18;December 29, 2018 06:31AM;2019-07-12 17:25:52;10.224.76.237
Jacqueline Ellis;08/02/2020 09:44:16;February 08, 2020 09:44AM;2019-03-21 14:31:19;10.229.189.169
David Bell;17/04/2019 05:25:28;April 17, 2019 05:25AM;2020-10-16 04:22:10;192.168.44.234
Dean Mcdonald;12/02/2020 22:02:15;February 12, 2020 10:02PM;2019-08-01 07:48:43;10.67.88.236
Savannah Williams;21/10/2019 09:18:13;October 21, 2019 09:18AM;2019-07-13 16:07:19;192.168.81.155
Mrs. Lisa Martin;16/07/2020 14:56:16;July 16, 2020 02:56PM;2020-04-21 18:32:06;192.168.112.113
Sharon Greene;10/10/2020 07:10:58;October 10, 2020 07:10AM;2020-04-30 00:21:47;10.0.81.195
Nicole Black;04/04/2019 06:02:06;April 04, 2019 06:02AM;2020-02-27 03:53:41;10.40.172.11
Lisa Morton;10/09/2019 08:02:39;September 10, 2019 08:02AM;2019-05-06 05:27:01;192.168.47.241
Debra Johnson;14/07/2020 07:25:26;July 14, 2020 07:25AM;2020-02-07 12:09:33;172.17.217.153
Rebecca Flynn;05/08/2020 07:22:43;August 05, 2020 07:22AM;2019-03-05 07:01:30;172.24.231.207
Jason Reed;13/10/2020 10:16:43;October 13, 2020 10:16AM;2019-11-01 02:46:30;10.32.202.215
Anna Hull;20/08/2020 17:58:13;August 20, 2020 05:58PM;2020-10-07 20:11:36;10.231.53.217
Mr. Robert Williams;19/06/2020 09:32:41;June 19, 2020 09:32AM;2019-09-30 07:33:05;172.30.34.92
Tyler Glover;08/12/2019 21:34:10;December 08, 2019 09:34PM;2020-06-25 21:11:50;172.31.106.131
Nancy Rodriguez;24/01/2019 06:43:54;January 24, 2019 06:43AM;2020-02-17 13:42:05;172.18.157.236
Ashley Conner;09/11/2019 04:50:06;November 09, 2019 04:50AM;2019-04-26 06:14:45;172.17.251.61
Miguel Sutton;26/08/2019 07:43:44;August 26, 2019 07:43AM;2020-10-14 21:20:54;172.24.196.27
Philip Swanson;15/04/2020 13:39:47;April 15, 2020 01:39PM;2019-07-08 19:15:11;192.168.134.85
Michael Gates;14/12/2018 07:43:40;December 14, 2018 07:43AM;2019-07-30 06:55:36;172.16.98.194
Lindsay Anderson;11/05/2019 02:28:14;May 11, 2019 02:28AM;2019-11-11 18:41:24;172.21.133.156
Heather Lewis;13/01/2020 17:20:42;January 13, 2020 05:20PM;2019-06-15 14:50:40;10.151.31.162
Melanie James;20/05/2020 10:22:45;May 20, 2020 10:22AM;2020-03-03 15:54:11;172.31.89.232
Kirsten Davis;10/01/2020 10:53:39;January 10, 2020 10:53AM;2019-08-29 07:07:53;192.168.232.78
Michael Quinn;07/06/2019 07:15:47;June 07, 2019 07:15AM;2020-02-17 04:26:36;10.122.8.211
Gina Williams;01/03/2019 11:45:50;March 01, 2019 11:45AM;2020-07-14 03:47:08;172.28.41.65
Tristan Harmon;27/03/2019 11:54:54;March 27, 2019 11:54AM;2020-10-24 07:51:56;10.200.82.245
William Davis;07/11/2019 22:31:16;November 07, 2019 10:31PM;2020-09-16 00:37:02;172.23.22.85
Jacqueline Hawkins;04/04/2020 14:40:16;April 04, 2020 02:40PM;2020-10-21 19:39:35;172.25.51.170
Anna Dalton;11/07/2019 23:18:44;July 11, 2019 11:18PM;2020-01-16 04:32:10;192.168.89.235
Christopher Blackwell;11/07/2020 13:38:45;July 11, 2020 01:38PM;2019-10-01 14:46:43;192.168.41.102
Jeremy Lutz;11/11/2020 05:07:09;November 11, 2020 05:07AM;2019-08-30 07:30:34;192.168.171.77
Jasmine Fields;04/11/2019 07:38:48;November 04, 2019 07:38AM;2020-01-08 13:37:08;10.170.130.233
Pamela Baker;15/03/2019 22:05:49;March 15, 2019 10:05PM;2020-09-27 21:48:26;192.168.109.90
Ashley Savage;24/05/2020 18:10:47;May 24, 2020 06:10PM;2019-08-11 19:04:33;172.31.98.110
Jessica Wells;11/10/2019 05:18:30;October 11, 2019 05:18AM;2019-02-06 11:14:55;172.16.250.54
Pamela Fuller;09/07/2019 01:58:50;July 09, 2019 01:58AM;2019-07-30 19:03:49;172.18.204.125
Elizabeth Sparks;27/06/2020 02:19:19;June 27, 2020 02:19AM;2019-09-17 10:18:01;10.174.117.14
Kyle Miller;11/01/2020 09:37:05;January 11, 2020 09:37AM;2019-03-31 20:13:54;172.20.185.184
Christina Barton;08/07/2019 10:46:02;July 08, 2019 10:46AM;2019-10-15 03:20:02;10.172.207.200
Matthew Craig;06/04/2019 09:42:19;April 06, 2019 09:42AM;2019-01-10 17:50:25;10.67.74.177
Thomas Kramer;11/11/2020 07:03:17;November 11, 2020 07:03AM;2019-03-22 05:29:31;10.100.114.99
Brooke Combs;08/07/2019 09:46:29;July 08, 2019 09:46AM;2020-07-01 04:53:53;172.29.117.39
David Richardson;25/04/2019 08:54:49;April 25, 2019 08:54AM;2018-12-15 04:35:03;10.172.206.65
Joy Pittman;17/08/2020 14:27:21;August 17, 2020 02:27PM;2019-10-21 14:42:41;172.29.69.81
Anthony Turner;19/05/2019 04:46:21;May 19, 2019 04:46AM;2020-06-17 21:28:28;172.23.63.179
Martin Gross;08/05/2019 03:07:27;May 08, 2019 03:07AM;2019-04-25 21:54:30;192.168.251.134
Pedro Cox;23/02/2019 08:35:04;February 23, 2019 08:35AM;2019-04-10 00:22:07;192.168.229.36
John Clark;11/05/2019 13:36:50;May 11, 2019 01:36PM;2019-07-06 00:04:59;10.172.183.242
Veronica Higgins;09/10/2020 04:06:55;October 09, 2020 04:06AM;2020-12-09 00:53:42;172.21.36.217
Samuel Richardson;03/02/2020 09:21:44;February 03, 2020 09:21AM;2020-11-20 04:24:49;172.29.218.99
Katrina Hale;24/02/2019 23:17:52;February 24, 2019 11:17PM;2020-07-25 23:28:24;10.115.54.182
David Brewer;22/01/2019 00:57:03;January 22, 2019 12:57AM;2019-08-28 10:34:18;192.168.15.65
Gerald Edwards;18/07/2019 18:41:00;July 18, 2019 06:41PM;2019-10-08 18:18:50;192.168.211.111
Trevor Garcia;11/06/2019 15:49:08;June 11, 2019 03:49PM;2019-09-11 09:28:47;172.26.193.23
Ann Fisher;01/03/2020 09:27:59;March 01, 2020 09:27AM;2019-11-10 09:02:45;10.216.69.159
Linda Hernandez;23/03/2020 08:54:47;March 23, 2020 08:54AM;2019-06-21 08:51:31;192.168.97.186
Brianna Woods;31/08/2020 00:49:23;August 31, 2020 12:49AM;2019-04-20 18:47:18;10.242.92.152
Daryl Anderson;09/02/2020 07:16:08;February 09, 2020 07:16AM;2020-08-22 04:34:35;172.19.193.20
Christina Mills;06/05/2020 08:07:50;May 06, 2020 08:07AM;2019-07-23 23:59:54;172.18.13.78
Joe Brown;28/06/2019 19:25:20;June 28, 2019 07:25PM;2020-12-10 12:09:29;172.30.253.49
Alec Nielsen;30/07/2019 09:49:57;July 30, 2019 09:49AM;2020-11-18 01:53:47;192.168.174.131
Matthew Mcguire;27/04/2020 02:05:35;April 27, 2020 02:05AM;2020-02-29 21:20:01;10.127.52.184
Douglas Love;16/02/2019 22:14:18;February 16, 2019 10:14PM;2020-02-23 02:07:36;172.19.14.120
Miranda Chaney;16/02/2020 23:36:00;February 16, 2020 11:36PM;2019-05-24 15:24:51;172.24.97.101
Jessica Crawford;29/08/2019 21:15:22;August 29, 2019 09:15PM;2020-05-24 21:32:56;10.217.204.121
Erin Keith;09/11/2020 02:36:23;November 09, 2020 02:36AM;2019-04-21 23:00:49;172.26.13.229
Benjamin Jones;29/09/2020 10:49:33;September 29, 2020 10:49AM;2020-11-14 18:02:16;172.28.187.75
Nancy Stokes;09/05/2020 00:18:55;May 09, 2020 12:18AM;2020-04-19 04:52:57;10.5.145.93
John Holmes;18/07/2019 23:57:35;July 18, 2019 11:57PM;2020-05-12 03:52:39;192.168.194.154
Bryan Cole;09/04/2020 19:31:40;April 09, 2020 07:31PM;2019-03-25 16:50:39;172.24.47.101
Katrina Johnson;18/08/2019 11:15:02;August 18, 2019 11:15AM;2020-10-29 22:50:35;172.22.98.166
Carlos Simpson;07/05/2020 02:20:19;May 07, 2020 02:20AM;2020-02-20 13:50:47;10.113.99.33
Manuel Ashley;22/11/2020 03:24:30;November 22, 2020 03:24AM;2019-10-04 15:23:27;192.168.2.101
Julia Khan;17/06/2020 02:44:57;June 17, 2020 02:44AM;2019-05-02 06:50:02;192.168.26.224
Kristen Wright;31/10/2019 05:31:24;October 31, 2019 05:31AM;2018-12-22 15:46:09;172.28.149.102
Joshua Hayes;04/09/2019 14:34:48;September 04, 2019 02:34PM;2020-12-02 07:33:28;10.48.115.74
Tiffany Crawford;11/01/2019 23:57:54;January 11, 2019 11:57PM;2019-05-24 19:43:10;172.27.52.244
Christina Stark;31/05/2020 13:28:10;May 31, 2020 01:28PM;2019-04-21 03:02:08;192.168.142.244
Jeremiah Russell;16/08/2020 16:39:20;August 16, 2020 04:39PM;2019-12-23 19:44:58;172.25.66.198
Jeff Allen;24/07/2020 04:34:50;July 24, 2020 04:34AM;2019-04-15 15:31:29;172.27.214.55
Nicholas Richard;05/04/2020 23:26:38;April 05, 2020 11:26PM;2019-09-29 08:58:29;192.168.158.194
Sandra Martinez;12/03/2019 03:23:44;March 12, 2019 03:23AM;2019-08-19 12:31:31;10.89.140.71
Jasmine Ortiz;02/07/2020 06:58:51;July 02, 2020 06:58AM;2019-09-25 08:39:00;10.247.172.243
Jennifer Moreno;17/04/2019 00:12:50;April 17, 2019 12:12AM;2019-07-12 09:31:00;192.168.193.5
Erin Nelson;26/01/2019 22:24:30;January 26, 2019 10:24PM;2019-08-02 19:06:18;192.168.56.227
Wendy Ayers;07/04/2019 14:40:24;April 07, 2019 02:40PM;2019-08-18 00:12:12;192.168.118.234
Willie Watson;12/06/2019 04:47:46;June 12, 2019 04:47AM;2019-02-20 09:26:54;192.168.163.195
Stephanie Yoder;07/05/2020 19:37:51;May 07, 2020 07:37PM;2020-05-17 19:37:24;172.25.15.150
Michael Ross;09/04/2019 02:12:57;April 09, 2019 02:12AM;2020-10-15 04:34:07;192.168.104.120
Patricia Flores;19/03/2019 11:03:24;March 19, 2019 11:03AM;2019-10-11 10:28:58;192.168.8.42
Jesse Cordova;28/06/2019 06:04:43;June 28, 2019 06:04AM;2018-12-26 22:57:39;192.168.67.207
Tyler Nelson;07/04/2020 22:04:49;April 07, 2020 10:04PM;2019-12-07 03:24:46;192.168.97.3
Emma Diaz;02/08/2019 08:27:14;August 02, 2019 08:27AM;2019-08-18 16:53:36;172.20.169.190
Jesus Brown;12/11/2019 12:20:28;November 12, 2019 12:20PM;2020-05-19 14:18:22;172.27.58.74
Bethany Ryan;15/06/2020 18:12:26;June 15, 2020 06:12PM;2020-08-25 12:32:48;10.40.61.140
Anna Kelly;19/09/2019 08:15:13;September 19, 2019 08:15AM;2020-07-19 10:23:49;10.58.18.208
Martha Brown;01/04/2020 10:04:54;April 01, 2020 10:04AM;2020-05-11 17:44:34;172.21.7.103
Kimberly Frye;07/10/2019 01:07:35;October 07, 2019 01:07AM;2019-07-11 17:37:44;192.168.88.209
Brianna Castillo;22/04/2019 16:47:58;April 22, 2019 04:47PM;2019-11-05 22:47:25;10.158.6.67
Sean Dennis;19/06/2020 21:39:56;June 19, 2020 09:39PM;2019-02-18 19:35:30;172.29.137.240
Carolyn Smith;20/11/2019 12:58:39;November 20, 2019 12:58PM;2019-04-03 23:59:49;10.253.228.16
Morgan Woodard;10/08/2019 22:47:18;August 10, 2019 10:47PM;2020-02-08 17:07:03;172.31.43.187
Carlos Murray;18/04/2019 14:52:38;April 18, 2019 02:52PM;2020-05-01 23:40:52;192.168.252.232
Leon Gonzalez;01/06/2019 10:55:17;June 01, 2019 10:55AM;2019-10-14 00:22:44;10.95.112.150
Jacob Duarte;27/12/2019 12:20:48;December 27, 2019 12:20PM;2019-08-27 07:13:14;10.221.192.64
Wesley Alexander MD;22/02/2020 18:12:27;February 22, 2020 06:12PM;2020-02-26 22:02:28;192.168.116.70
Matthew Davis;05/07/2019 18:07:15;July 05, 2019 06:07PM;2019-03-02 22:14:52;172.23.213.103
Christian Barry;18/02/2019 22:47:35;February 18, 2019 10:47PM;2019-08-05 01:32:56;172.29.209.255
Leon Hunt;08/12/2020 20:37:53;December 08, 2020 08:37PM;2019-06-03 12:17:18;10.232.244.163
Maurice Tucker;09/07/2020 22:59:16;July 09, 2020 10:59PM;2019-03-27 01:22:10;172.30.179.141
Charles Buchanan;10/04/2020 01:04:25;April 10, 2020 01:04AM;2019-11-12 15:19:19;192.168.74.3
Karina Williams;01/01/2020 21:11:10;January 01, 2020 09:11PM;2020-08-20 00:36:36;192.168.60.98
Kristen Vincent;02/05/2020 00:25:22;May 02, 2020 12:25AM;2020-03-20 02:58:46;172.17.140.143
Christy Rojas;22/09/2020 22:00:24;September 22, 2020 10:00PM;2019-05-08 19:26:10;172.25.66.47
Shane Mitchell;01/10/2020 18:22:12;October 01, 2020 06:22PM;2020-02-09 12:20:40;192.168.245.25
Benjamin Marshall;28/11/2019 04:57:56;November 28, 2019 04:57AM;2019-02-02 03:00:36;10.71.88.14
Dr. Mark Hansen;05/09/2019 23:43:08;September 05, 2019 11:43PM;2020-05-10 05:28:30;172.23.228.249
Jordan Daniels;30/01/2019 01:05:33;January 30, 2019 01:05AM;2019-06-23 02:42:19;10.171.183.64
Brooke Rodriguez;09/11/2020 11:16:17;November 09, 2020 11:16AM;2020-01-17 22:44:12;10.91.246.88
Travis Patterson;25/10/2019 13:54:05;October 25, 2019 01:54PM;2019-11-07 21:41:05;172.29.66.192
Sharon Rivera;23/06/2019 07:12:32;June 23, 2019 07:12AM;2019-04-19 00:04:24;172.31.79.8
Charlene Edwards;30/03/2020 06:59:39;March 30, 2020 06:59AM;2019-01-27 06:42:13;192.168.206.113
Randy Nguyen;17/05/2020 03:09:38;May 17, 2020 03:09AM;2019-05-23 15:29:43;172.23.154.139
Carol Nelson;19/08/2019 23:53:38;August 19, 2019 11:53PM;2019-04-20 14:53:04;10.130.30.51
James Peterson;29/08/2019 17:36:40;August 29, 2019 05:36PM;2020-09-06 09:12:50;10.174.39.146
Teresa Whitaker;05/09/2019 11:58:46;September 05, 2019 11:58AM;2019-09-11 07:03:11;172.30.177.213
Crystal Cruz;05/09/2020 23:43:19;September 05, 2020 11:43PM;2020-12-01 15:05:45;10.115.135.238
Veronica Walker;29/05/2020 16:04:31;May 29, 2020 04:04PM;2019-09-01 21:15:26;192.168.37.145
Ian Myers;12/09/2020 15:41:36;September 12, 2020 03:41PM;2020-04-10 04:40:49;192.168.150.61
Christopher Morales;19/12/2019 11:20:00;December 19, 2019 11:20AM;2020-10-14 02:17:59;192.168.248.76
Jason Tucker;24/03/2019 02:07:30;March 24, 2019 02:07AM;2019-03-29 03:53:05;192.168.99.239
Trevor Williams;23/12/2018 22:05:37;December 23, 2018 10:05PM;2019-10-03 23:37:58;10.87.60.67
James Patterson;24/02/2019 01:14:23;February 24, 2019 01:14AM;2019-10-07 04:01:59;172.18.27.51
Terry Henderson;25/07/2020 18:12:41;July 25, 2020 06:12PM;2019-02-07 01:19:27;192.168.18.220
Joseph Sullivan;03/09/2020 00:46:28;September 03, 2020 12:46AM;2019-05-16 15:00:30;10.179.197.117
Nicole Long;08/06/2019 01:49:50;June 08, 2019 01:49AM;2019-07-07 23:19:10;172.17.0.196
Amy Roth;03/06/2019 10:23:40;June 03, 2019 10:23AM;2019-08-18 09:25:27;172.21.70.217
Rachel Brewer;29/11/2019 23:18:25;November 29, 2019 11:18PM;2019-04-11 15:01:49;192.168.158.176
Diane Robertson;16/03/2019 09:12:42;March 16, 2019 09:12AM;2020-08-02 00:21:06;172.24.113.33
